PLAYER_ID,PLAYER_NAME,TEAM_NAME,POSITION,HEIGHT,WEIGHT,COUNTRY,BIRTHDATE,SEASON_EXP,DRAFT_NUMBER,GP,MIN,PTS,REB,AST,STL,BLK,GAME_DATE,SALARY,AGE
1630173,Precious Achiuwa,Raptors,Forward,203,102,Nigeria,1999-09-19,2,20,134.0,18.4,7.2,5.1,0.8,0.4,0.5,2022-10-02,2840160,"22 years, 11 months, 12 days"
203500,Steven Adams,Grizzlies,Center,210,120,New Zealand,1993-07-20,9,12,664.0,26.8,9.3,8.0,1.5,0.9,0.9,2022-10-01,17926829,"29 years, 1 months, 11 days"
1628389,Bam Adebayo,Heat,Center,205,115,USA,1997-07-18,5,14,343.0,28.2,13.5,8.3,3.5,1.0,0.9,2022-10-04,30351780,"25 years, 1 months, 13 days"
1630583,Santi Aldama,Grizzlies,Forward,210,97,Spain,2001-01-10,1,30,32.0,11.2,4.1,2.7,0.7,0.2,0.3,2022-10-01,2094120,"21 years, 7 months, 21 days"
1629638,Nickeil Alexander-Walker,Jazz,Guard,195,92,Canada,1998-09-02,3,17,158.0,19.4,9.3,2.6,2.2,0.7,0.3,2022-10-02,5009633,"23 years, 11 months, 29 days"
1628960,Grayson Allen,Bucks,Guard,193,89,USA,1995-10-08,4,21,192.0,21.9,9.4,2.6,1.5,0.6,0.2,2022-10-01,8500000,"26 years, 10 months, 23 days"
1628386,Jarrett Allen,Cavaliers,Center,208,110,USA,1998-04-21,5,22,341.0,26.6,11.6,8.7,1.4,0.5,1.4,2022-10-05,20000000,"24 years, 4 months, 10 days"
1630631,Jose Alvarado,Pelicans,Guard,182,81,USA,1998-04-12,1,0,54.0,15.4,6.1,1.9,2.8,1.3,0.1,2022-10-04,1563518,"24 years, 4 months, 19 days"
203937,Kyle Anderson,Timberwolves,Forward,205,104,USA,1993-09-20,8,30,505.0,21.0,6.7,4.4,2.3,1.0,0.6,2022-10-04,8780488,"28 years, 11 months, 11 days"
203507,Giannis Antetokounmpo,Bucks,Forward,210,109,Greece,1994-12-06,9,15,656.0,32.6,21.8,9.4,4.6,1.2,1.3,2022-10-01,42492492,"27 years, 8 months, 25 days"
203648,Thanasis Antetokounmpo,Bucks,Forward,198,99,Greece,1992-07-18,4,51,127.0,9.1,3.1,2.0,0.7,0.4,0.2,2022-10-01,1878720,"30 years, 1 months, 13 days"
1630175,Cole Anthony,Magic,Guard,190,83,USA,2000-05-15,2,15,112.0,29.8,14.9,5.1,5.0,0.7,0.3,2022-10-03,3613680,"22 years, 3 months, 16 days"
1628384,OG Anunoby,Raptors,Forward,200,105,United Kingdom,1997-07-17,5,23,301.0,26.8,10.4,4.1,1.4,1.1,0.5,2022-10-02,17357143,"25 years, 1 months, 14 days"
201571,D.J. Augustin,Lakers,Guard,180,83,USA,1987-11-10,14,9,976.0,23.4,9.5,1.8,3.9,0.6,0.0,2022-10-03,333333,"34 years, 9 months, 21 days"
1630166,Deni Avdija,Wizards,Forward,205,95,Israel,2001-01-03,2,9,136.0,23.8,7.6,5.1,1.7,0.7,0.4,2022-09-30,4916160,"21 years, 7 months, 28 days"
1629028,Deandre Ayton,Suns,Center,210,113,Bahamas,1998-07-23,4,1,236.0,30.7,16.3,10.5,1.6,0.7,1.0,2022-10-02,30913750,"24 years, 1 months, 8 days"
1628962,Udoka Azubuike,Jazz,Center,213,122,Nigeria,1999-09-17,2,27,32.0,7.9,3.0,2.6,0.0,0.1,0.5,2022-10-02,2174880,"22 years, 11 months, 14 days"
1628963,Marvin Bagley III,Pistons,Forward,210,106,USA,1999-03-14,4,2,166.0,25.1,13.6,7.4,0.9,0.5,0.7,2022-10-04,12500000,"23 years, 5 months, 17 days"
1630163,LaMelo Ball,Hornets,Guard,200,81,USA,2001-08-22,2,3,126.0,30.9,18.3,6.4,7.0,1.6,0.4,2022-10-02,8623920,"21 years, 0 months, 9 days"
1628366,Lonzo Ball,Bulls,Guard,198,86,USA,1997-10-27,5,2,252.0,32.5,11.9,5.7,6.2,1.6,0.6,2022-10-04,19534884,"24 years, 10 months, 4 days"
1628964,Mo Bamba,Magic,Center,213,104,USA,1998-05-12,4,6,226.0,18.6,7.7,6.1,0.9,0.4,1.4,2022-10-03,10300000,"24 years, 3 months, 19 days"
1630217,Desmond Bane,Grizzlies,Guard,195,97,USA,1998-06-25,2,30,144.0,26.3,14.0,3.8,2.3,0.9,0.3,2022-10-01,2130240,"24 years, 2 months, 6 days"
1630625,Dalano Banton,Raptors,Forward,200,92,Canada,1999-11-07,1,46,64.0,10.9,3.2,1.9,1.5,0.4,0.2,2022-10-02,1563518,"22 years, 9 months, 24 days"
203084,Harrison Barnes,Kings,Forward,203,102,USA,1992-05-30,10,7,747.0,31.8,14.1,5.1,1.8,0.7,0.2,2022-10-03,18352273,"30 years, 3 months, 1 days"
1630567,Scottie Barnes,Raptors,Forward,200,102,USA,2001-08-01,1,4,74.0,35.4,15.3,7.5,3.5,1.1,0.7,2022-10-02,7644600,"21 years, 0 months, 30 days"
1629628,RJ Barrett,Knicks,Forward,198,97,Canada,2000-06-14,3,3,198.0,33.5,17.5,5.6,2.9,0.8,0.3,2022-10-04,10900635,"22 years, 2 months, 17 days"
203115,Will Barton,Wizards,Guard,195,82,USA,1991-01-06,10,40,623.0,25.9,11.6,4.3,2.7,0.8,0.4,2022-09-30,14375000,"31 years, 7 months, 25 days"
1629646,Charles Bassey,76ers,Center,205,104,Nigeria,2000-10-28,1,53,23.0,7.3,3.0,2.7,0.3,0.2,0.7,2022-10-03,1563518,"21 years, 10 months, 3 days"
1628966,Keita Bates-Diop,Spurs,Forward,203,103,USA,1996-01-23,4,48,163.0,15.0,5.2,3.0,0.6,0.5,0.3,2022-10-02,1878720,"26 years, 7 months, 8 days"
201587,Nicolas Batum,Clippers,Guard,203,104,France,1988-12-14,14,25,915.0,30.6,11.1,5.1,3.5,1.0,0.6,2022-09-30,19700319,"33 years, 8 months, 17 days"
1629647,Darius Bazley,Thunder,Forward,203,94,USA,2000-06-12,3,23,185.0,25.8,10.0,5.8,1.3,0.6,0.7,2022-10-03,4264629,"22 years, 2 months, 19 days"
203078,Bradley Beal,Wizards,Guard,193,93,USA,1993-06-28,10,3,645.0,34.8,22.1,4.1,4.2,1.1,0.4,2022-09-30,43279250,"29 years, 2 months, 3 days"
1627736,Malik Beasley,Jazz,Guard,193,84,USA,1996-11-26,6,19,336.0,20.9,10.4,2.5,1.2,0.6,0.1,2022-10-02,15558035,"25 years, 9 months, 5 days"
202722,Davis Bertans,Mavericks,Forward,208,102,Latvia,1992-11-12,6,42,387.0,19.1,8.2,2.7,1.0,0.4,0.4,2022-10-05,16000000,"29 years, 9 months, 19 days"
201976,Patrick Beverley,Lakers,Guard,185,81,USA,1988-07-12,10,42,526.0,27.4,8.8,4.3,3.5,1.1,0.5,2022-10-03,13000000,"34 years, 1 months, 19 days"
1630180,Saddiq Bey,Pistons,Forward,200,97,USA,1999-04-09,2,19,152.0,30.4,14.3,5.0,2.2,0.8,0.2,2022-10-04,2959080,"23 years, 4 months, 22 days"
203920,Khem Birch,Raptors,Center,205,105,Canada,1992-09-28,5,0,262.0,17.8,5.2,4.6,1.0,0.5,0.6,2022-10-02,6667500,"29 years, 11 months, 3 days"
1629048,Goga Bitadze,Pacers,Center,213,113,Georgia,1999-07-20,3,18,149.0,11.8,5.0,2.9,0.8,0.3,0.9,2022-10-05,4765339,"23 years, 1 months, 11 days"
202687,Bismack Biyombo,Suns,Center,203,115,DRC,1992-08-28,11,7,738.0,19.9,5.2,6.1,0.6,0.3,1.3,2022-10-02,1836090,"30 years, 0 months, 3 days"
202339,Eric Bledsoe,Trail Blazers,Guard,185,97,USA,1989-12-09,13,18,756.0,27.8,13.7,3.9,4.7,1.4,0.5,,1300000,"32 years, 8 months, 22 days"
203992,Bogdan Bogdanovic,Hawks,Guard,198,102,Serbia,1992-08-18,5,27,316.0,28.6,14.2,3.4,3.4,1.0,0.2,2022-10-06,18000000,"30 years, 0 months, 13 days"
202711,Bojan Bogdanovic,Jazz,Forward,200,102,Croatia,1989-04-18,8,31,603.0,29.1,15.0,3.6,1.6,0.6,0.1,2022-10-02,19550000,"33 years, 4 months, 13 days"
1629626,Bol Bol,Magic,Center,218,99,Sudan,1999-11-16,3,44,53.0,6.2,2.7,1.2,0.3,0.1,0.3,2022-10-03,2200000,"22 years, 9 months, 15 days"
1630195,Leandro Bolmaro,Jazz,Forward,198,90,Argentina,2000-09-11,1,23,35.0,6.9,1.4,1.2,0.6,0.2,0.0,2022-10-02,2471160,"21 years, 11 months, 20 days"
1626164,Devin Booker,Suns,Guard,195,93,USA,1996-10-30,7,13,477.0,33.7,23.5,3.9,4.7,0.8,0.3,2022-10-02,33833400,"25 years, 10 months, 1 days"
1628449,Chris Boucher,Raptors,Forward,205,90,Saint Lucia,1993-01-11,5,0,231.0,17.9,9.0,5.3,0.5,0.5,1.2,2022-10-02,12690000,"29 years, 7 months, 20 days"
1630547,James Bouknight,Hornets,Guard,193,86,USA,2000-09-18,1,11,31.0,9.8,4.6,1.7,0.8,0.2,0.0,2022-10-02,4362240,"21 years, 11 months, 13 days"
1628396,Tony Bradley,Bulls,Center,208,112,USA,1998-01-08,5,28,167.0,11.7,4.6,4.3,0.5,0.2,0.6,2022-10-04,2036318,"24 years, 7 months, 23 days"
1628969,Mikal Bridges,Suns,Forward,198,94,USA,1996-08-30,4,10,309.0,31.3,11.3,3.9,2.1,1.3,0.6,2022-10-02,20100000,"26 years, 0 months, 1 days"
1629052,Oshae Brissett,Pacers,Forward,200,95,Canada,1998-06-20,3,0,107.0,20.7,8.2,4.7,0.9,0.6,0.5,2022-10-05,1846738,"24 years, 2 months, 11 days"
1627763,Malcolm Brogdon,Celtics,Guard,195,103,USA,1992-12-11,6,36,333.0,30.2,15.5,4.2,4.8,0.9,0.2,2022-10-02,22600000,"29 years, 8 months, 20 days"
1629717,Armoni Brooks,Raptors,Guard,190,88,USA,1998-06-05,3,0,74.0,18.4,6.9,2.3,1.2,0.5,0.2,,50000,"24 years, 2 months, 26 days"
1628415,Dillon Brooks,Grizzlies,Guard,200,102,Canada,1996-01-22,5,45,272.0,28.2,14.5,3.0,2.0,1.0,0.3,2022-10-01,11400000,"26 years, 7 months, 9 days"
1628971,Bruce Brown,Nuggets,Guard,193,91,USA,1996-08-15,4,42,269.0,23.5,7.6,4.3,2.1,0.9,0.5,2022-10-03,6479000,"26 years, 0 months, 16 days"
1627759,Jaylen Brown,Celtics,Guard,198,101,USA,1996-10-24,6,3,403.0,28.7,16.5,4.9,2.0,0.9,0.4,2022-10-02,28741071,"25 years, 10 months, 7 days"
1629650,Moses Brown,Clippers,Center,218,111,USA,1999-10-13,3,0,92.0,14.1,6.0,5.8,0.1,0.4,0.7,2022-09-30,1836090,"22 years, 10 months, 18 days"
1628425,Sterling Brown,Rockets,Guard,195,99,USA,1995-02-10,5,46,264.0,16.8,5.4,3.3,1.0,0.5,0.2,2022-10-02,3000000,"27 years, 6 months, 21 days"
1630535,Greg Brown III,Trail Blazers,Forward,200,93,USA,2001-09-01,1,43,48.0,13.3,4.7,2.8,0.7,0.5,0.5,2022-10-03,1563518,"20 years, 11 months, 30 days"
1628972,Troy Brown Jr.,Lakers,Guard,198,97,USA,1999-07-28,4,15,221.0,18.5,6.4,3.8,1.6,0.7,0.1,2022-10-03,1836090,"23 years, 1 months, 3 days"
1628973,Jalen Brunson,Knicks,Guard,185,86,USA,1996-08-31,4,33,277.0,24.7,11.9,3.0,3.7,0.6,0.0,2022-10-04,27733332,"26 years, 0 months, 0 days"
1628418,Thomas Bryant,Lakers,Center,208,112,USA,1997-07-31,5,42,170.0,20.1,10.2,5.7,1.3,0.4,0.9,2022-10-03,1836090,"25 years, 1 months, 0 days"
203493,Reggie Bullock,Mavericks,Guard,198,92,USA,1991-03-16,9,25,434.0,22.5,7.8,2.5,1.2,0.6,0.1,2022-10-05,10012800,"31 years, 5 months, 15 days"
203504,Trey Burke,Rockets,Guard,182,83,USA,1992-11-12,9,9,498.0,20.9,9.6,1.8,3.1,0.6,0.1,2022-10-02,3423750,"29 years, 9 months, 19 days"
202692,Alec Burks,Pistons,Guard,198,97,USA,1991-07-20,11,12,625.0,23.0,10.6,3.5,2.0,0.7,0.2,2022-10-04,10012800,"31 years, 1 months, 11 days"
1630215,Jared Butler,Jazz,Guard,190,87,USA,2000-08-25,1,40,42.0,8.6,3.8,1.1,1.5,0.4,0.2,2022-10-02,1563518,"22 years, 0 months, 6 days"
202710,Jimmy Butler,Heat,Forward,200,104,USA,1989-09-14,11,30,690.0,33.1,17.7,5.3,4.1,1.6,0.5,2022-10-04,37653300,"32 years, 11 months, 17 days"
203484,Kentavious Caldwell-Pope,Nuggets,Guard,195,92,USA,1993-02-18,9,8,683.0,29.2,11.6,3.1,1.7,1.1,0.2,2022-10-03,14004703,"29 years, 6 months, 13 days"
1628427,Vlatko Cancar,Nuggets,Forward,203,107,Slovenia,1997-04-10,3,49,70.0,7.2,2.3,1.3,0.5,0.2,0.1,2022-10-03,2234359,"25 years, 4 months, 21 days"
1629962,Devin Cannady,Magic,Guard,187,83,USA,1996-05-21,2,0,13.0,16.8,6.5,0.8,0.8,0.8,0.3,2022-10-03,1752638,"26 years, 3 months, 10 days"
203991,Clint Capela,Hawks,Center,208,116,Switzerland,1994-05-18,8,25,471.0,26.8,12.4,10.7,1.0,0.7,1.5,2022-10-06,18706896,"28 years, 3 months, 13 days"
1630176,Vernon Carey Jr.,Wizards,Forward,205,122,USA,2001-02-25,2,32,26.0,6.1,2.5,1.5,0.1,0.1,0.2,2022-09-30,1782621,"21 years, 6 months, 6 days"
1628975,Jevon Carter,Bucks,Guard,185,90,USA,1995-09-14,4,32,223.0,14.1,4.4,1.7,1.4,0.6,0.2,2022-10-01,6025000,"26 years, 11 months, 17 days"
1628976,Wendell Carter Jr.,Magic,Center,208,122,USA,1999-04-16,4,7,203.0,27.5,12.2,8.9,2.0,0.6,0.9,2022-10-03,14150000,"23 years, 4 months, 15 days"
1627936,Alex Caruso,Bulls,Guard,195,84,USA,1994-02-28,5,0,225.0,20.6,6.2,2.5,2.7,1.1,0.3,2022-10-04,9030000,"28 years, 6 months, 3 days"
1630551,Justin Champagnie,Raptors,Guard,198,93,USA,2001-06-29,1,0,36.0,7.8,2.3,2.0,0.3,0.2,0.1,2022-10-02,1637966,"21 years, 2 months, 2 days"
1627737,Marquese Chriss,Rockets,Forward,205,108,USA,1997-07-02,6,8,292.0,18.3,7.6,4.7,1.0,0.6,0.8,2022-10-02,2193920,"25 years, 1 months, 29 days"
1630528,Josh Christopher,Rockets,Guard,190,97,USA,2001-12-08,1,24,74.0,18.0,7.9,2.5,2.0,0.9,0.2,2022-10-02,2372160,"20 years, 8 months, 23 days"
1629634,Brandon Clarke,Grizzlies,Forward,203,97,Canada,1996-09-19,3,21,181.0,21.9,10.9,5.6,1.4,0.7,0.9,2022-10-01,4343920,"25 years, 11 months, 12 days"
203903,Jordan Clarkson,Jazz,Guard,193,87,USA,1992-06-07,8,46,600.0,27.0,15.4,3.3,2.5,0.9,0.1,2022-10-02,13340000,"30 years, 2 months, 24 days"
1629651,Nic Claxton,Nets,Center,210,97,USA,1999-04-17,3,31,94.0,18.7,7.3,5.0,0.9,0.5,1.1,2022-10-03,8500000,"23 years, 4 months, 14 days"
1629599,Amir Coffey,Clippers,Guard,200,95,USA,1997-06-17,3,0,131.0,16.2,6.2,2.0,1.2,0.4,0.1,2022-09-30,3395062,"25 years, 2 months, 14 days"
1628381,John Collins,Hawks,Forward,205,102,USA,1997-09-23,5,19,293.0,29.0,16.5,8.3,1.6,0.6,1.0,2022-10-06,23500000,"24 years, 11 months, 8 days"
1628380,Zach Collins,Spurs,Forward,210,113,USA,1997-11-19,4,10,182.0,17.5,6.0,4.2,1.1,0.3,0.7,2022-10-02,7350000,"24 years, 9 months, 12 days"
201144,Mike Conley,Jazz,Guard,185,79,USA,1987-10-11,15,4,958.0,32.0,14.8,3.0,5.6,1.4,0.2,2022-10-02,22680000,"34 years, 10 months, 20 days"
1626192,Pat Connaughton,Bucks,Guard,195,94,USA,1993-01-06,7,41,417.0,18.5,5.9,3.3,1.2,0.5,0.3,2022-10-01,5728393,"29 years, 7 months, 25 days"
203496,Robert Covington,Clippers,Forward,200,94,USA,1990-12-14,9,0,537.0,29.9,11.6,5.8,1.5,1.6,1.0,2022-09-30,12307692,"31 years, 8 months, 17 days"
1628470,Torrey Craig,Suns,Forward,200,100,USA,1990-12-19,5,0,300.0,18.7,5.7,3.6,0.9,0.5,0.5,2022-10-02,5121951,"31 years, 8 months, 12 days"
203109,Jae Crowder,Suns,Forward,198,106,USA,1990-07-06,10,34,735.0,25.3,9.6,4.3,1.6,1.0,0.3,2022-10-02,10183800,"32 years, 1 months, 25 days"
1630595,Cade Cunningham,Pistons,Guard,198,99,USA,2001-09-25,1,1,64.0,32.6,17.4,5.5,5.6,1.2,0.7,2022-10-04,10552800,"20 years, 11 months, 6 days"
203552,Seth Curry,Nets,Guard,187,83,USA,1990-08-23,8,0,377.0,25.2,11.3,2.2,2.2,0.7,0.1,2022-10-03,8496653,"32 years, 0 months, 8 days"
201939,Stephen Curry,Warriors,Guard,187,83,USA,1988-03-14,13,7,826.0,34.3,24.3,4.6,6.5,1.7,0.2,2022-09-30,48070014,"34 years, 5 months, 17 days"
203076,Anthony Davis,Lakers,Forward,208,114,USA,1993-03-11,10,1,604.0,34.4,23.8,10.2,2.3,1.4,2.3,2022-10-03,37980720,"29 years, 5 months, 20 days"
1629056,Terence Davis,Kings,Guard,193,91,USA,1997-05-16,3,0,163.0,17.3,8.5,3.0,1.5,0.7,0.2,2022-10-03,4000000,"25 years, 3 months, 15 days"
201942,DeMar DeRozan,Bulls,Guard,198,99,USA,1989-08-07,13,9,957.0,34.3,20.8,4.4,3.9,1.0,0.3,2022-10-04,27300000,"33 years, 0 months, 24 days"
203473,Dewayne Dedmon,Heat,Center,213,111,USA,1989-08-12,9,0,477.0,17.8,6.4,5.9,0.7,0.5,0.8,2022-10-04,7566667,"33 years, 0 months, 19 days"
1628978,Donte DiVincenzo,Warriors,Guard,193,92,USA,1997-01-31,4,17,201.0,23.6,9.0,4.6,2.5,1.1,0.2,2022-09-30,4500000,"25 years, 7 months, 0 days"
1628977,Hamidou Diallo,Pistons,Guard,195,91,USA,1998-07-31,4,45,207.0,18.9,8.4,3.9,1.1,0.8,0.3,2022-10-04,5200000,"24 years, 1 months, 0 days"
203476,Gorgui Dieng,Spurs,Center,208,112,Senegal,1990-01-18,9,21,597.0,20.6,7.5,5.7,1.3,0.8,0.9,2022-10-02,1836090,"32 years, 7 months, 13 days"
203915,Spencer Dinwiddie,Mavericks,Guard,198,97,USA,1993-04-06,8,38,387.0,26.4,13.0,3.0,5.0,0.7,0.3,2022-10-05,20171427,"29 years, 4 months, 25 days"
1629029,Luka Doncic,Mavericks,Forward,200,104,Slovenia,1999-02-28,4,3,264.0,33.8,26.4,8.5,8.0,1.1,0.4,2022-10-05,37096500,"23 years, 6 months, 3 days"
1629652,Luguentz Dort,Thunder,Guard,190,97,Canada,1999-04-19,3,0,139.0,29.0,13.3,3.5,1.5,0.9,0.3,2022-10-03,15277778,"23 years, 4 months, 12 days"
1630245,Ayo Dosunmu,Bulls,Guard,193,90,USA,2000-01-17,1,38,77.0,27.4,8.8,2.8,3.3,0.8,0.4,2022-10-04,1563518,"22 years, 7 months, 14 days"
203083,Andre Drummond,Bulls,Center,208,126,USA,1993-08-10,10,9,718.0,29.6,13.8,13.3,1.4,1.4,1.5,2022-10-04,3200000,"29 years, 0 months, 21 days"
1630537,Chris Duarte,Pacers,Guard,195,86,Dominican Republic,1997-06-13,1,13,55.0,28.0,13.1,4.1,2.1,1.0,0.2,2022-10-05,3936960,"25 years, 2 months, 18 days"
201142,Kevin Durant,Nets,Forward,208,108,USA,1988-09-29,14,2,939.0,36.8,27.2,7.1,4.3,1.1,1.1,2022-10-03,44119845,"33 years, 11 months, 2 days"
1630162,Anthony Edwards,Timberwolves,Guard,193,102,USA,2001-08-05,2,1,144.0,33.2,20.3,4.7,3.4,1.3,0.6,2022-10-04,10733400,"21 years, 0 months, 26 days"
1630556,Kessler Edwards,Nets,Forward,200,92,USA,2000-08-09,1,44,48.0,20.6,5.9,3.6,0.6,0.6,0.5,2022-10-03,1637966,"22 years, 0 months, 22 days"
1629604,CJ Elleby,Timberwolves,Forward,198,90,USA,2000-06-16,2,46,88.0,15.5,4.6,2.9,1.1,0.5,0.3,2022-10-04,1836090,"22 years, 2 months, 15 days"
203954,Joel Embiid,76ers,Center,213,127,Cameroon,1994-03-16,6,3,328.0,31.2,26.0,11.4,3.3,0.9,1.7,2022-10-03,33616770,"28 years, 5 months, 15 days"
202324,Derrick Favors,Thunder,Forward,205,120,USA,1991-07-15,12,3,790.0,24.3,10.6,7.1,1.1,0.7,1.2,2022-10-03,10183800,"31 years, 1 months, 16 days"
1628981,Bruno Fernando,Rockets,Forward,205,108,Angola,1998-08-15,3,34,119.0,9.2,3.2,2.8,0.6,0.2,0.3,2022-10-02,1836090,"24 years, 0 months, 16 days"
1627827,Dorian Finney-Smith,Mavericks,Forward,200,99,USA,1993-05-04,6,0,394.0,27.3,8.2,4.5,1.4,0.8,0.4,2022-10-05,12402000,"29 years, 3 months, 27 days"
1630238,Malik Fitts,Celtics,Forward,195,104,USA,1997-07-04,3,0,18.0,4.1,1.3,1.1,0.3,0.0,0.0,,555217,"25 years, 1 months, 27 days"
1630201,Malachi Flynn,Raptors,Guard,185,79,USA,1998-05-09,2,29,91.0,16.1,6.0,2.0,2.3,0.6,0.1,2022-10-02,2145720,"24 years, 3 months, 22 days"
1627854,Bryn Forbes,Timberwolves,Guard,187,92,USA,1993-07-23,6,0,406.0,20.5,9.1,1.7,1.2,0.4,0.0,2022-10-04,1836090,"29 years, 1 months, 8 days"
203095,Evan Fournier,Knicks,Guard,198,92,France,1992-10-29,10,20,645.0,28.6,14.3,2.7,2.6,0.9,0.2,2022-10-04,18000000,"29 years, 10 months, 2 days"
1628368,De'Aaron Fox,Kings,Guard,190,83,USA,1997-12-20,5,5,322.0,32.1,19.1,3.5,6.2,1.3,0.4,2022-10-03,30351780,"24 years, 8 months, 11 days"
1628365,Markelle Fultz,Magic,Guard,193,94,USA,1998-05-29,5,1,131.0,24.8,10.9,3.2,4.8,1.1,0.2,2022-10-03,16500000,"24 years, 3 months, 2 days"
1629117,Wenyen Gabriel,Lakers,Forward,205,92,South Sudan,1997-03-26,3,0,77.0,10.8,3.6,2.6,0.4,0.3,0.3,2022-10-03,1878720,"25 years, 5 months, 5 days"
1629655,Daniel Gafford,Wizards,Forward,205,106,USA,1998-10-01,3,38,169.0,16.8,7.6,4.4,0.7,0.4,1.4,2022-09-30,1930681,"23 years, 10 months, 30 days"
201568,Danilo Gallinari,Celtics,Forward,208,107,Italy,1988-08-08,13,6,728.0,29.9,15.6,4.8,1.9,0.7,0.4,2022-10-02,16907880,"34 years, 0 months, 23 days"
1629636,Darius Garland,Cavaliers,Guard,185,87,USA,2000-01-26,3,5,181.0,33.4,17.4,2.6,6.3,1.1,0.1,2022-10-05,8920795,"22 years, 7 months, 5 days"
1630586,Usman Garuba,Rockets,Forward,203,103,Spain,2002-03-09,1,23,24.0,10.0,2.0,3.5,0.7,0.4,0.5,2022-10-02,2471160,"20 years, 5 months, 22 days"
200752,Rudy Gay,Jazz,Forward,203,113,USA,1986-08-17,16,8,1064.0,31.7,16.3,5.8,2.1,1.1,0.7,2022-10-02,6184500,"36 years, 0 months, 14 days"
202331,Paul George,Clippers,Forward,203,99,USA,1990-05-02,12,10,737.0,33.6,20.4,6.4,3.6,1.7,0.4,2022-09-30,42492492,"32 years, 3 months, 29 days"
201959,Taj Gibson,Wizards,Forward,205,105,USA,1985-06-24,13,26,896.0,24.5,9.0,6.1,1.0,0.6,1.0,2022-09-30,1836090,"37 years, 2 months, 7 days"
1630581,Josh Giddey,Thunder,Guard,203,92,Australia,2002-10-10,1,6,54.0,31.5,12.5,7.8,6.4,0.9,0.4,2022-10-03,6287400,"19 years, 10 months, 21 days"
1628983,Shai Gilgeous-Alexander,Thunder,Guard,198,81,Canada,1998-07-12,4,11,243.0,31.8,18.2,4.5,4.3,1.1,0.7,2022-10-03,30913750,"24 years, 1 months, 19 days"
1630264,Anthony Gill,Wizards,Forward,200,104,USA,1992-10-17,2,0,70.0,9.7,3.7,1.9,0.5,0.2,0.2,2022-09-30,1836090,"29 years, 10 months, 14 days"
203497,Rudy Gobert,Timberwolves,Center,215,117,France,1992-06-26,9,27,611.0,30.0,12.4,11.7,1.3,0.7,2.2,2022-10-04,38172414,"30 years, 2 months, 5 days"
203932,Aaron Gordon,Nuggets,Forward,203,106,USA,1995-09-16,8,4,528.0,28.9,13.0,6.3,2.5,0.7,0.6,2022-10-03,19690909,"26 years, 11 months, 15 days"
201569,Eric Gordon,Rockets,Guard,190,97,USA,1988-12-25,14,7,749.0,32.4,16.4,2.4,2.8,0.9,0.3,2022-10-02,19568360,"33 years, 8 months, 6 days"
1628984,Devonte' Graham,Pelicans,Guard,185,88,USA,1995-02-22,4,34,240.0,27.9,12.8,2.5,5.0,0.9,0.1,2022-10-04,11550000,"27 years, 6 months, 9 days"
203924,Jerami Grant,Trail Blazers,Forward,203,95,USA,1994-03-12,8,39,555.0,26.0,11.4,3.9,1.3,0.6,1.1,2022-10-03,20955000,"28 years, 5 months, 19 days"
201980,Danny Green,Grizzlies,Guard,198,97,USA,1987-06-22,13,46,819.0,25.3,8.7,3.4,1.6,1.0,0.8,2022-10-01,10000000,"35 years, 2 months, 9 days"
203110,Draymond Green,Warriors,Forward,198,104,USA,1990-03-04,10,35,685.0,28.5,8.7,6.9,5.4,1.4,1.0,2022-09-30,25806468,"32 years, 5 months, 27 days"
203210,JaMychal Green,Warriors,Forward,203,102,USA,1990-06-21,8,0,487.0,20.8,7.9,5.7,0.9,0.6,0.4,2022-09-30,10036090,"32 years, 2 months, 10 days"
1630224,Jalen Green,Rockets,Guard,193,84,USA,2002-02-09,1,2,67.0,31.9,17.3,3.4,2.6,0.7,0.3,2022-10-02,9441840,"20 years, 6 months, 22 days"
1629750,Javonte Green,Bulls,Guard,195,92,USA,1993-07-23,3,0,154.0,16.0,5.0,2.9,0.7,0.8,0.3,2022-10-04,1815677,"29 years, 1 months, 8 days"
201145,Jeff Green,Nuggets,Forward,203,106,USA,1986-08-28,14,5,1051.0,29.0,12.6,4.3,1.5,0.7,0.5,2022-10-03,4500000,"36 years, 0 months, 3 days"
1630182,Josh Green,Mavericks,Guard,195,90,Australia,2000-11-16,2,18,106.0,14.0,4.0,2.3,1.0,0.6,0.2,2022-10-05,3098400,"21 years, 9 months, 15 days"
1629656,Quentin Grimes,Knicks,Guard,193,95,USA,2000-05-08,1,25,46.0,17.1,6.0,2.0,1.0,0.7,0.2,2022-10-04,2277000,"22 years, 3 months, 23 days"
1629060,Rui Hachimura,Wizards,Forward,203,104,Japan,1998-02-08,3,9,147.0,28.5,13.0,5.2,1.5,0.7,0.2,2022-09-30,6263188,"24 years, 6 months, 23 days"
1630169,Tyrese Haliburton,Pacers,Guard,195,83,USA,2000-02-29,2,12,135.0,32.9,14.3,3.6,6.9,1.6,0.6,2022-10-05,4215120,"22 years, 6 months, 2 days"
1630181,R.J. Hampton,Magic,Guard,193,79,USA,2001-02-07,2,24,115.0,19.9,7.3,3.2,2.1,0.5,0.2,2022-10-03,2412840,"21 years, 6 months, 24 days"
203501,Tim Hardaway Jr.,Mavericks,Guard,195,92,USA,1992-03-16,9,24,586.0,27.0,13.9,2.8,1.9,0.6,0.1,2022-10-05,19602273,"30 years, 5 months, 15 days"
201935,James Harden,76ers,Guard,195,99,USA,1989-08-26,13,3,942.0,34.6,24.9,5.6,6.8,1.5,0.5,2022-10-03,33000000,"33 years, 0 months, 5 days"
203090,Maurice Harkless,Hawks,Forward,200,99,USA,1993-05-11,10,15,621.0,22.6,6.9,3.5,0.9,0.9,0.6,2022-10-06,4564980,"29 years, 3 months, 20 days"
203914,Gary Harris,Magic,Guard,193,95,USA,1994-09-14,8,19,468.0,28.8,11.8,2.5,2.1,1.2,0.2,2022-10-03,13000000,"27 years, 11 months, 17 days"
203925,Joe Harris,Nets,Guard,198,99,USA,1991-09-06,8,33,414.0,25.6,11.1,3.2,1.6,0.5,0.2,2022-10-03,18642857,"30 years, 11 months, 25 days"
202699,Tobias Harris,76ers,Forward,200,102,USA,1992-07-15,11,19,753.0,31.4,16.4,6.2,2.3,0.7,0.5,2022-10-03,37633050,"30 years, 1 months, 16 days"
1628404,Josh Hart,Trail Blazers,Guard,195,97,USA,1995-03-06,5,30,296.0,27.3,9.9,5.7,2.1,0.9,0.4,2022-10-03,12960000,"27 years, 5 months, 25 days"
1628392,Isaiah Hartenstein,Knicks,Center,213,113,Germany,1998-05-05,4,43,165.0,13.7,5.8,3.9,1.5,0.5,0.8,2022-10-04,7804879,"24 years, 3 months, 26 days"
1630573,Sam Hauser,Celtics,Forward,200,98,USA,1997-12-08,1,0,26.0,6.1,2.5,1.1,0.4,0.0,0.1,2022-10-02,1637966,"24 years, 8 months, 23 days"
1629637,Jaxson Hayes,Pelicans,Center,210,99,USA,2000-05-23,3,8,194.0,17.7,8.1,4.3,0.7,0.4,0.8,2022-10-04,6803012,"22 years, 3 months, 8 days"
1630165,Killian Hayes,Pistons,Guard,195,88,France,2001-07-27,2,7,92.0,25.2,6.8,3.0,4.5,1.1,0.5,2022-10-04,5837760,"21 years, 1 months, 4 days"
202330,Gordon Hayward,Hornets,Forward,200,102,USA,1990-03-23,12,9,734.0,31.1,15.6,4.5,3.5,1.0,0.4,2022-10-02,30075000,"32 years, 5 months, 8 days"
1627823,Juancho Hernangomez,Raptors,Forward,205,97,Spain,1995-09-28,6,15,297.0,15.7,5.4,3.4,0.6,0.4,0.2,2022-10-02,1836090,"26 years, 11 months, 3 days"
1626195,Willy Hernangomez,Pelicans,Center,210,113,Spain,1994-05-27,6,35,306.0,15.3,7.4,5.9,1.1,0.4,0.4,2022-10-04,2443581,"28 years, 3 months, 4 days"
1629639,Tyler Herro,Heat,Guard,195,88,USA,2000-01-20,3,13,175.0,30.3,16.7,4.7,3.2,0.6,0.2,2022-10-04,5722116,"22 years, 7 months, 11 days"
1627741,Buddy Hield,Pacers,Guard,193,99,Bahamas,1992-12-17,6,6,468.0,29.2,15.9,4.3,2.5,0.8,0.3,2022-10-05,21177750,"29 years, 8 months, 14 days"
1629312,Haywood Highsmith,Heat,Forward,193,99,USA,1996-12-09,2,0,24.0,8.5,2.2,1.3,0.3,0.1,0.1,2022-10-04,1752638,"25 years, 8 months, 22 days"
201588,George Hill,Bucks,Guard,193,85,USA,1986-05-04,14,26,869.0,27.2,10.7,3.0,3.1,0.9,0.3,2022-10-01,4000000,"36 years, 3 months, 27 days"
1628988,Aaron Holiday,Hawks,Guard,182,83,USA,1996-09-30,4,23,245.0,18.2,7.3,1.8,2.4,0.7,0.2,2022-10-06,1836090,"25 years, 11 months, 1 days"
201950,Jrue Holiday,Bucks,Guard,190,92,USA,1990-06-12,13,17,839.0,33.2,16.2,4.0,6.4,1.5,0.5,2022-10-01,33665040,"32 years, 2 months, 19 days"
203200,Justin Holiday,Hawks,Forward,198,81,USA,1989-04-05,9,0,576.0,24.6,8.7,3.0,1.5,1.0,0.4,2022-10-06,6292440,"33 years, 4 months, 26 days"
1626158,Richaun Holmes,Kings,Forward,208,106,USA,1993-10-15,7,37,376.0,21.1,9.6,5.8,1.1,0.6,1.1,2022-10-03,11215260,"28 years, 10 months, 16 days"
201143,Al Horford,Celtics,Center,205,108,Dominican Republic,1986-06-03,15,3,950.0,32.2,13.7,8.2,3.3,0.8,1.2,2022-10-02,26500000,"36 years, 2 months, 28 days"
1629659,Talen Horton-Tucker,Jazz,Guard,193,106,USA,2000-11-25,3,46,131.0,22.1,9.3,2.8,2.6,1.0,0.4,2022-10-02,10260000,"21 years, 9 months, 6 days"
1627863,Danuel House Jr.,76ers,Forward,198,99,USA,1993-06-07,6,0,204.0,24.4,8.5,3.6,1.3,0.7,0.4,2022-10-03,4105000,"29 years, 2 months, 24 days"
1628989,Kevin Huerter,Kings,Guard,200,89,USA,1998-08-27,4,19,274.0,29.6,11.4,3.5,3.2,0.9,0.4,2022-10-03,14508929,"24 years, 0 months, 4 days"
1629631,De'Andre Hunter,Hawks,Forward,203,100,USA,1997-12-02,3,4,139.0,30.7,13.2,4.1,1.6,0.7,0.4,2022-10-06,9835881,"24 years, 8 months, 29 days"
1630538,Bones Hyland,Nuggets,Guard,187,76,USA,2000-09-14,1,26,69.0,19.0,10.1,2.7,2.8,0.6,0.3,2022-10-03,2201520,"21 years, 11 months, 17 days"
201586,Serge Ibaka,Bucks,Forward,208,106,Republic of the Congo,1989-09-18,13,24,903.0,27.6,12.1,7.2,0.8,0.4,1.9,2022-10-01,1836090,"32 years, 11 months, 13 days"
204060,Joe Ingles,Bucks,Forward,203,99,Australia,1987-10-02,8,0,590.0,25.7,8.6,3.2,3.8,0.9,0.2,2022-10-01,6479000,"34 years, 10 months, 29 days"
1627742,Brandon Ingram,Pelicans,Forward,203,86,USA,1997-09-02,6,2,368.0,32.8,18.5,5.2,3.8,0.7,0.6,2022-10-04,31650600,"24 years, 11 months, 29 days"
202681,Kyrie Irving,Nets,Guard,187,88,Australia,1992-03-23,11,1,611.0,34.0,23.1,3.8,5.7,1.3,0.4,2022-10-03,36934550,"30 years, 5 months, 8 days"
1628371,Jonathan Isaac,Magic,Forward,208,104,USA,1997-10-03,3,6,136.0,25.8,9.3,5.4,1.1,1.1,1.5,2022-10-03,17400000,"24 years, 10 months, 28 days"
1630543,Isaiah Jackson,Pacers,Forward,208,92,USA,2002-01-10,1,22,36.0,15.0,8.3,4.1,0.3,0.7,1.4,2022-10-05,2573760,"20 years, 7 months, 21 days"
202704,Reggie Jackson,Clippers,Guard,187,94,USA,1990-04-16,11,24,703.0,25.6,13.1,3.0,4.3,0.7,0.1,2022-09-30,11215260,"32 years, 4 months, 15 days"
1628991,Jaren Jackson Jr.,Grizzlies,Forward,210,109,USA,1999-09-15,4,4,204.0,27.1,15.8,5.1,1.2,0.9,1.8,2022-10-01,28946605,"22 years, 11 months, 16 days"
2544,LeBron James,Lakers,Forward,205,113,USA,1984-12-30,19,1,1366.0,38.2,27.1,7.5,7.4,1.6,0.8,2022-10-03,44474988,"37 years, 8 months, 1 days"
1629660,Ty Jerome,Thunder,Guard,195,88,USA,1997-07-08,3,24,112.0,17.1,7.1,1.9,2.4,0.6,0.1,2022-10-03,4220057,"25 years, 1 months, 23 days"
1630198,Isaiah Joe,76ers,Guard,193,74,USA,1999-07-02,2,49,96.0,10.3,3.7,1.0,0.6,0.3,0.1,2022-10-03,1782621,"23 years, 1 months, 29 days"
1629661,Cameron Johnson,Suns,Forward,203,95,USA,1996-03-03,3,11,183.0,24.2,10.4,3.6,1.4,0.7,0.3,2022-10-02,5887899,"26 years, 5 months, 28 days"
1630552,Jalen Johnson,Hawks,Forward,203,99,USA,2001-12-18,1,20,22.0,5.5,2.4,1.2,0.1,0.1,0.1,2022-10-06,2792640,"20 years, 8 months, 13 days"
1629640,Keldon Johnson,Spurs,Forward,198,99,USA,1999-10-11,3,29,161.0,28.9,14.4,5.8,1.8,0.7,0.2,2022-10-02,3873025,"22 years, 10 months, 20 days"
1630553,Keon Johnson,Trail Blazers,Guard,193,83,USA,2002-03-10,1,21,37.0,18.8,7.2,2.2,2.1,0.8,0.3,2022-10-03,2681040,"20 years, 5 months, 21 days"
1626169,Stanley Johnson,Jazz,Forward,198,109,USA,1996-05-29,7,8,419.0,20.1,6.3,3.1,1.5,0.9,0.2,2022-10-02,2351521,"26 years, 3 months, 2 days"
203999,Nikola Jokic,Nuggets,Center,210,128,Serbia,1995-02-19,7,41,527.0,30.4,19.7,10.4,6.2,1.2,0.7,2022-10-03,33047803,"27 years, 6 months, 12 days"
1627745,Damian Jones,Lakers,Center,210,111,USA,1995-06-30,6,30,199.0,15.2,5.6,3.4,0.8,0.4,0.7,2022-10-03,2298385,"27 years, 2 months, 1 days"
1630529,Herbert Jones,Pelicans,Forward,200,93,USA,1998-10-06,1,35,78.0,29.9,9.5,3.8,2.1,1.7,0.8,2022-10-04,1785000,"23 years, 10 months, 25 days"
1630539,Kai Jones,Hornets,Center,208,100,Bahamas,2001-01-19,1,19,21.0,3.0,1.0,0.5,0.2,0.0,0.1,2022-10-02,2909040,"21 years, 7 months, 12 days"
1630200,Tre Jones,Spurs,Guard,185,83,USA,2000-01-08,2,41,106.0,13.4,4.8,1.7,2.6,0.5,0.1,2022-10-02,1782621,"22 years, 7 months, 23 days"
1626145,Tyus Jones,Grizzlies,Guard,182,88,USA,1996-05-10,7,24,455.0,18.4,6.2,1.8,3.7,1.0,0.1,2022-10-01,15000000,"26 years, 3 months, 21 days"
1627884,Derrick Jones Jr.,Bulls,Forward,198,95,USA,1997-02-15,6,0,280.0,19.8,6.5,3.4,0.7,0.7,0.7,2022-10-04,3200000,"25 years, 6 months, 16 days"
201599,DeAndre Jordan,Nuggets,Center,210,120,USA,1988-07-21,14,35,980.0,26.7,9.1,10.3,1.0,0.5,1.5,2022-10-03,9663997,"34 years, 1 months, 10 days"
202709,Cory Joseph,Pistons,Guard,190,90,Canada,1991-08-20,11,29,728.0,22.2,7.1,2.6,3.0,0.8,0.2,2022-10-04,5155500,"31 years, 0 months, 11 days"
1628379,Luke Kennard,Clippers,Guard,195,93,USA,1996-06-24,5,12,297.0,23.5,10.0,2.9,2.0,0.5,0.1,2022-09-30,14415545,"26 years, 2 months, 7 days"
1630557,Corey Kispert,Wizards,Forward,198,101,USA,1999-03-03,1,15,77.0,23.4,8.2,2.7,1.1,0.5,0.3,2022-09-30,3552840,"23 years, 5 months, 28 days"
1628467,Maxi Kleber,Mavericks,Forward,208,108,Germany,1992-01-29,5,0,326.0,22.7,7.1,4.8,1.1,0.4,0.9,2022-10-05,9000000,"30 years, 7 months, 2 days"
1630233,Nathan Knight,Timberwolves,Forward,208,114,USA,1997-09-20,2,0,70.0,7.8,3.7,2.2,0.4,0.2,0.3,2022-10-04,1836090,"24 years, 11 months, 11 days"
1629723,John Konchar,Grizzlies,Guard,195,95,USA,1996-03-22,3,0,134.0,15.3,4.4,3.8,1.3,0.6,0.3,2022-10-01,2300000,"26 years, 5 months, 9 days"
1627788,Furkan Korkmaz,76ers,Guard,200,91,Turkey,1997-07-24,5,26,256.0,18.7,7.9,2.2,1.3,0.6,0.1,2022-10-03,5000000,"25 years, 1 months, 7 days"
1628436,Luke Kornet,Celtics,Center,218,113,USA,1995-07-15,5,0,148.0,14.3,5.5,2.6,1.0,0.3,0.8,2022-10-02,2133278,"27 years, 1 months, 16 days"
1630249,Vit Krejci,Thunder,Guard,203,88,Czech Republic,2000-06-19,1,37,30.0,23.0,6.2,3.4,1.9,0.6,0.3,2022-10-03,1563518,"22 years, 2 months, 12 days"
1630228,Jonathan Kuminga,Warriors,Forward,200,102,DRC,2002-10-06,1,7,70.0,16.9,9.3,3.3,0.9,0.4,0.3,2022-09-30,5739840,"19 years, 10 months, 25 days"
1628398,Kyle Kuzma,Wizards,Forward,205,100,USA,1995-07-24,5,27,342.0,30.4,15.6,6.2,2.2,0.6,0.5,2022-09-30,13000000,"27 years, 1 months, 7 days"
203897,Zach LaVine,Bulls,Guard,195,90,USA,1995-03-10,8,13,478.0,31.8,19.8,3.9,3.9,0.9,0.3,2022-10-04,37096500,"27 years, 5 months, 21 days"
1629111,Jock Landale,Suns,Center,210,115,Australia,1995-10-25,1,0,54.0,10.9,4.9,2.6,0.8,0.2,0.3,2022-10-02,1563518,"26 years, 10 months, 6 days"
1629641,Romeo Langford,Spurs,Guard,195,97,USA,1999-10-25,3,14,98.0,14.5,3.6,1.9,0.5,0.4,0.3,2022-10-02,5634257,"22 years, 10 months, 6 days"
1627747,Caris LeVert,Cavaliers,Guard,198,92,USA,1994-08-25,6,20,318.0,27.5,14.6,3.8,4.0,1.1,0.3,2022-10-05,18796296,"28 years, 0 months, 6 days"
1627814,Damion Lee,Suns,Guard,195,95,USA,1992-10-21,5,0,216.0,21.0,8.2,3.5,1.4,0.7,0.1,2022-10-02,1836090,"29 years, 10 months, 10 days"
1630240,Saben Lee,Pistons,Guard,187,83,USA,1999-06-23,2,38,85.0,16.3,5.6,2.2,3.3,0.8,0.3,2022-10-04,1752638,"23 years, 2 months, 8 days"
203458,Alex Len,Kings,Center,213,113,Ukraine,1993-06-16,9,5,570.0,18.9,7.7,5.9,0.9,0.4,1.0,2022-10-03,3918600,"29 years, 2 months, 15 days"
202695,Kawhi Leonard,Clippers,Forward,200,102,USA,1991-06-29,10,15,576.0,31.3,19.2,6.4,2.9,1.8,0.6,2022-09-30,42492492,"31 years, 2 months, 2 days"
1630184,Kira Lewis Jr.,Pelicans,Guard,185,77,USA,2001-04-06,2,13,78.0,16.0,6.2,1.4,2.2,0.6,0.1,2022-10-04,4004280,"21 years, 4 months, 25 days"
203081,Damian Lillard,Trail Blazers,Guard,187,88,USA,1990-07-15,10,6,711.0,36.3,24.6,4.2,6.6,1.0,0.3,2022-10-03,42492492,"32 years, 1 months, 16 days"
1629642,Nassir Little,Trail Blazers,Forward,195,99,USA,2000-02-11,3,25,138.0,16.7,5.8,3.4,0.7,0.3,0.5,2022-10-03,4171548,"22 years, 6 months, 20 days"
1630587,Isaiah Livers,Pistons,Forward,198,105,USA,1998-07-28,1,42,19.0,20.2,6.4,3.0,1.1,0.7,0.4,2022-10-04,1563518,"24 years, 1 months, 3 days"
1626172,Kevon Looney,Warriors,Forward,205,100,USA,1996-02-06,7,30,367.0,16.4,4.7,4.8,1.4,0.5,0.6,2022-09-30,8000000,"26 years, 6 months, 25 days"
201572,Brook Lopez,Bucks,Center,213,127,USA,1988-04-01,14,10,868.0,30.2,16.4,6.2,1.4,0.6,1.8,2022-10-01,13906976,"34 years, 4 months, 30 days"
201577,Robin Lopez,Cavaliers,Center,213,127,USA,1988-04-01,14,15,939.0,21.9,8.7,4.9,0.8,0.2,1.1,2022-10-05,1836090,"34 years, 4 months, 30 days"
1629712,Didi Louzada,Trail Blazers,Guard,195,85,Brazil,1999-07-02,3,35,12.0,15.5,3.6,1.7,0.7,0.3,0.2,,268032,"23 years, 1 months, 29 days"
201567,Kevin Love,Cavaliers,Forward,203,113,USA,1988-09-07,14,5,812.0,30.9,17.6,10.7,2.4,0.7,0.4,2022-10-05,28942830,"33 years, 11 months, 24 days"
200768,Kyle Lowry,Heat,Guard,182,88,USA,1986-03-25,16,24,1023.0,31.9,14.8,4.4,6.3,1.3,0.3,2022-10-04,28333334,"36 years, 5 months, 6 days"
1626168,Trey Lyles,Kings,Forward,205,106,Canada,1995-11-05,7,12,449.0,18.3,7.8,4.3,1.1,0.4,0.3,2022-10-03,2625000,"26 years, 9 months, 26 days"
1630177,Theo Maledon,Thunder,Guard,193,79,France,2001-06-12,2,34,116.0,23.2,8.8,2.9,2.9,0.8,0.2,2022-10-03,1900000,"21 years, 2 months, 19 days"
1629611,Terance Mann,Clippers,Guard,195,97,USA,1996-10-18,3,48,189.0,20.9,7.6,3.8,1.9,0.5,0.2,2022-09-30,1930681,"25 years, 10 months, 13 days"
1630544,Tre Mann,Thunder,Guard,190,80,USA,2001-02-03,1,18,60.0,22.8,10.4,2.9,1.5,0.8,0.2,2022-10-03,3046200,"21 years, 6 months, 28 days"
1626246,Boban Marjanovic,Rockets,Center,220,131,Serbia,1988-08-15,7,0,286.0,9.2,5.9,3.8,0.5,0.2,0.3,2022-10-02,3500000,"34 years, 0 months, 16 days"
1628374,Lauri Markkanen,Cavaliers,Forward,210,108,Finland,1997-05-22,5,7,282.0,29.7,15.4,6.8,1.3,0.7,0.5,2022-10-05,16475454,"25 years, 3 months, 9 days"
1630230,Naji Marshall,Pelicans,Forward,200,99,USA,1998-01-24,2,0,87.0,16.5,6.4,3.3,1.7,0.7,0.2,2022-10-04,1782621,"24 years, 7 months, 7 days"
1628997,Caleb Martin,Heat,Forward,195,92,USA,1995-09-28,3,0,131.0,19.1,7.1,3.1,1.2,0.8,0.4,2022-10-04,6479000,"26 years, 11 months, 3 days"
1628998,Cody Martin,Hornets,Forward,198,92,USA,1995-09-28,3,36,171.0,21.2,5.8,3.5,2.1,1.0,0.3,2022-10-02,7000000,"26 years, 11 months, 3 days"
1630231,Kenyon Martin Jr.,Rockets,Forward,195,97,USA,2001-01-06,2,52,124.0,22.0,9.0,4.3,1.2,0.5,0.7,2022-10-02,1782621,"21 years, 7 months, 25 days"
1629726,Garrison Mathews,Rockets,Guard,195,97,USA,1996-10-24,3,0,147.0,20.3,7.5,2.0,0.7,0.6,0.2,2022-10-02,2000000,"25 years, 10 months, 7 days"
202083,Wesley Matthews,Bucks,Guard,193,99,USA,1986-10-14,13,0,898.0,30.5,12.2,2.9,2.0,1.0,0.2,2022-10-01,1836090,"35 years, 10 months, 17 days"
1630178,Tyrese Maxey,76ers,Guard,187,90,USA,2000-11-04,2,21,136.0,26.4,13.2,2.5,3.2,0.6,0.3,2022-10-03,2726880,"21 years, 9 months, 27 days"
1630540,Miles McBride,Knicks,Guard,185,88,USA,2000-09-08,1,36,40.0,9.3,2.2,1.1,1.0,0.4,0.0,2022-10-04,1563518,"21 years, 11 months, 23 days"
1630644,Mac McClung,Warriors,Guard,187,83,USA,1999-01-06,1,0,2.0,12.2,4.0,1.5,0.5,0.5,0.5,2022-09-30,1637966,"23 years, 7 months, 25 days"
203468,CJ McCollum,Pelicans,Guard,190,86,USA,1991-09-19,9,10,590.0,31.6,19.2,3.5,3.5,0.9,0.4,2022-10-04,33333333,"30 years, 11 months, 12 days"
204456,T.J. McConnell,Pacers,Guard,185,86,USA,1992-03-25,7,0,481.0,22.2,6.9,3.0,5.0,1.3,0.2,2022-10-05,8100000,"30 years, 5 months, 6 days"
1630183,Jaden McDaniels,Timberwolves,Forward,205,83,USA,2000-09-29,2,28,133.0,24.9,8.1,3.9,1.1,0.7,0.9,2022-10-04,2161440,"21 years, 11 months, 2 days"
1629667,Jalen McDaniels,Hornets,Forward,205,92,USA,1998-01-31,3,52,118.0,17.7,6.6,3.4,1.1,0.5,0.4,2022-10-02,1930681,"24 years, 7 months, 0 days"
203926,Doug McDermott,Spurs,Forward,200,102,USA,1992-01-03,8,11,527.0,20.9,9.2,2.3,0.9,0.2,0.1,2022-10-02,13750000,"30 years, 7 months, 28 days"
201580,JaVale McGee,Mavericks,Center,213,122,USA,1988-01-19,14,18,821.0,17.0,8.0,5.3,0.4,0.4,1.5,2022-10-05,5461219,"34 years, 7 months, 12 days"
203585,Rodney McGruder,Pistons,Guard,193,92,USA,1991-07-29,6,0,285.0,19.8,5.8,2.8,1.2,0.5,0.2,2022-10-04,1836090,"31 years, 1 months, 2 days"
1629162,Jordan McLaughlin,Timberwolves,Guard,180,83,USA,1996-04-09,3,0,143.0,17.0,5.0,1.8,3.5,1.0,0.1,2022-10-04,2160000,"26 years, 4 months, 22 days"
1629001,De'Anthony Melton,76ers,Guard,187,90,USA,1998-05-28,4,46,235.0,20.7,8.4,3.6,2.8,1.3,0.5,2022-10-03,8250000,"24 years, 3 months, 3 days"
1629002,Chimezie Metu,Kings,Forward,205,102,USA,1997-03-22,4,49,143.0,14.1,6.1,3.6,0.8,0.5,0.4,2022-10-03,1910860,"25 years, 5 months, 9 days"
203114,Khris Middleton,Bucks,Forward,200,100,USA,1991-08-12,10,39,651.0,31.8,17.1,4.9,3.8,1.2,0.2,2022-10-01,37948276,"31 years, 0 months, 19 days"
201988,Patty Mills,Nets,Guard,182,81,Australia,1988-08-11,13,55,820.0,20.7,9.2,1.7,2.3,0.7,0.1,2022-10-03,6479000,"34 years, 0 months, 20 days"
1629003,Shake Milton,76ers,Guard,195,92,USA,1996-09-26,4,54,178.0,20.9,9.7,2.3,2.6,0.5,0.3,2022-10-03,1997718,"25 years, 11 months, 5 days"
1630558,Davion Mitchell,Kings,Guard,182,91,USA,1998-09-05,1,9,75.0,27.7,11.5,2.2,4.2,0.7,0.3,2022-10-03,4833600,"23 years, 11 months, 26 days"
1628378,Donovan Mitchell,Jazz,Guard,185,97,USA,1996-09-07,5,13,345.0,33.7,23.9,4.2,4.5,1.3,0.3,2022-10-02,30351780,"25 years, 11 months, 24 days"
1630596,Evan Mobley,Cavaliers,Center,210,97,USA,2001-06-18,1,3,69.0,33.8,15.0,8.3,2.5,0.8,1.7,2022-10-05,8478720,"21 years, 2 months, 13 days"
1628370,Malik Monk,Kings,Guard,190,90,USA,1998-02-04,5,11,309.0,20.4,10.3,2.3,2.0,0.5,0.2,2022-10-03,9472219,"24 years, 6 months, 27 days"
1630541,Moses Moody,Warriors,Guard,195,95,USA,2002-05-31,1,14,52.0,11.7,4.4,1.5,0.4,0.1,0.2,2022-09-30,3740160,"20 years, 3 months, 0 days"
1629875,Xavier Moon,Clippers,Guard,187,74,USA,1995-01-02,1,0,10.0,13.7,5.8,1.4,2.4,0.7,0.3,2022-09-30,1637966,"27 years, 7 months, 29 days"
1629630,Ja Morant,Grizzlies,Guard,190,78,USA,1999-08-10,3,2,187.0,32.2,21.2,4.5,7.1,1.0,0.3,2022-10-01,12119440,"23 years, 0 months, 21 days"
1629752,Juwan Morgan,Celtics,Forward,200,105,USA,1997-04-17,4,0,52.0,6.0,1.5,1.2,0.3,0.1,0.1,,576230,"25 years, 4 months, 14 days"
1628420,Monte Morris,Wizards,Guard,187,83,USA,1995-06-27,5,51,280.0,25.2,10.5,2.3,3.7,0.8,0.2,2022-09-30,9125000,"27 years, 2 months, 4 days"
1630530,Trey Murphy III,Pelicans,Forward,203,93,USA,2000-06-18,1,17,62.0,13.9,5.4,2.4,0.6,0.4,0.1,2022-10-04,3206520,"22 years, 2 months, 13 days"
1627749,Dejounte Murray,Hawks,Guard,193,81,USA,1996-09-19,5,29,320.0,25.8,12.5,6.0,4.8,1.4,0.3,2022-10-06,16571120,"25 years, 11 months, 12 days"
1627750,Jamal Murray,Nuggets,Guard,190,97,Canada,1997-02-23,5,7,345.0,30.1,16.3,3.6,3.8,1.0,0.3,2022-10-03,31650600,"25 years, 6 months, 8 days"
203488,Mike Muscala,Thunder,Forward,208,108,USA,1991-07-01,9,44,432.0,15.5,6.2,3.2,0.9,0.3,0.5,2022-10-03,3500000,"31 years, 1 months, 30 days"
1629004,Svi Mykhailiuk,Raptors,Guard,200,92,Ukraine,1997-06-10,5,47,220.0,17.0,6.6,1.8,1.4,0.6,0.1,,1878720,"25 years, 2 months, 21 days"
1626204,Larry Nance Jr.,Pelicans,Forward,200,111,USA,1993-01-01,7,27,396.0,24.1,8.1,6.5,1.9,1.2,0.5,2022-10-04,9672727,"29 years, 7 months, 30 days"
1630174,Aaron Nesmith,Pacers,Guard,195,97,USA,1999-10-16,2,14,98.0,12.7,4.2,2.2,0.5,0.4,0.1,2022-10-05,3804360,"22 years, 10 months, 15 days"
203526,Raul Neto,Cavaliers,Guard,187,81,Brazil,1992-05-19,7,47,387.0,16.2,6.0,1.6,2.2,0.7,0.1,2022-10-05,1836090,"30 years, 3 months, 12 days"
1627777,Georges Niang,76ers,Forward,200,104,USA,1993-06-17,6,50,305.0,14.6,6.1,2.0,0.8,0.3,0.1,2022-10-03,3465000,"29 years, 2 months, 14 days"
1630227,Daishen Nix,Rockets,Guard,193,102,USA,2002-02-13,1,0,24.0,10.9,3.2,1.4,1.7,0.6,0.0,2022-10-02,1563518,"20 years, 6 months, 18 days"
1630192,Zeke Nnaji,Nuggets,Forward,205,108,USA,2001-01-09,2,22,83.0,13.2,4.9,2.6,0.3,0.3,0.2,2022-10-03,2617800,"21 years, 7 months, 22 days"
203457,Nerlens Noel,Pistons,Center,210,99,USA,1994-04-10,8,6,450.0,22.4,7.3,6.2,1.1,1.3,1.5,2022-10-04,9240000,"28 years, 4 months, 21 days"
1629669,Jaylen Nowell,Timberwolves,Guard,193,91,USA,1999-07-09,3,43,119.0,15.8,8.1,1.9,1.8,0.4,0.2,2022-10-04,1930681,"23 years, 1 months, 22 days"
1628373,Frank Ntilikina,Mavericks,Guard,193,90,France,1998-07-28,5,8,269.0,17.9,5.2,1.8,2.3,0.7,0.2,2022-10-05,2036318,"24 years, 1 months, 3 days"
1629134,Kendrick Nunn,Lakers,Guard,187,86,USA,1995-08-03,2,0,123.0,29.4,15.0,2.9,3.0,0.9,0.2,2022-10-03,5250000,"27 years, 0 months, 28 days"
203994,Jusuf Nurkic,Trail Blazers,Center,210,131,Bosnia and Herzegovina,1994-08-23,8,16,411.0,23.9,12.2,8.5,2.2,0.9,1.2,2022-10-03,15625000,"28 years, 0 months, 8 days"
1628021,David Nwaba,Rockets,Guard,195,99,USA,1993-01-14,6,0,237.0,19.3,6.8,3.7,1.0,0.7,0.4,2022-10-02,5022000,"29 years, 7 months, 17 days"
1626220,Royce O'Neale,Nets,Forward,195,102,USA,1993-06-05,5,0,370.0,25.7,6.2,4.8,2.1,0.8,0.4,2022-10-03,9200000,"29 years, 2 months, 26 days"
1629643,Chuma Okeke,Magic,Forward,198,103,USA,1998-08-18,2,16,115.0,25.1,8.3,4.6,1.9,1.3,0.6,2022-10-03,3433320,"24 years, 0 months, 13 days"
1629006,Josh Okogie,Suns,Guard,193,96,Nigeria,1998-09-01,4,20,244.0,20.6,6.4,2.9,1.1,1.0,0.4,2022-10-02,1836090,"23 years, 11 months, 30 days"
1630168,Onyeka Okongwu,Hawks,Forward,203,108,USA,2000-12-11,2,6,98.0,16.3,6.3,4.6,0.7,0.6,0.9,2022-10-06,6395160,"21 years, 8 months, 20 days"
1630171,Isaac Okoro,Cavaliers,Forward,195,102,USA,2001-01-26,2,5,134.0,31.0,9.2,3.0,1.9,0.9,0.3,2022-10-05,7040880,"21 years, 7 months, 5 days"
203506,Victor Oladipo,Heat,Guard,193,96,USA,1992-05-04,9,2,462.0,32.8,17.4,4.6,3.9,1.6,0.5,2022-10-04,8750000,"30 years, 3 months, 27 days"
203482,Kelly Olynyk,Pistons,Forward,210,108,Canada,1991-04-19,9,13,610.0,22.0,10.1,5.1,2.0,0.8,0.5,2022-10-04,12804878,"31 years, 4 months, 12 days"
1626224,Cedi Osman,Cavaliers,Forward,200,104,Turkey,1995-04-08,5,31,327.0,24.5,10.0,3.2,2.1,0.7,0.1,2022-10-05,7426088,"27 years, 4 months, 23 days"
1626162,Kelly Oubre Jr.,Hornets,Forward,198,92,USA,1995-12-09,7,15,479.0,25.2,12.0,4.3,1.0,0.9,0.5,2022-10-02,12600000,"26 years, 8 months, 22 days"
101108,Chris Paul,Suns,Guard,182,79,USA,1985-05-06,17,4,1155.0,34.5,18.1,4.5,9.5,2.1,0.1,2022-10-02,28400000,"37 years, 3 months, 25 days"
1626166,Cameron Payne,Suns,Guard,185,83,USA,1994-08-08,7,14,279.0,17.9,7.6,2.2,3.2,0.7,0.2,2022-10-02,6000000,"28 years, 0 months, 23 days"
1627780,Gary Payton II,Trail Blazers,Guard,190,88,USA,1992-12-01,6,0,142.0,14.5,5.2,2.8,1.1,1.0,0.3,2022-10-03,8300000,"29 years, 8 months, 30 days"
1629033,Theo Pinson,Mavericks,Guard,195,96,USA,1995-11-05,4,0,87.0,8.7,2.9,1.3,1.1,0.3,0.1,2022-10-05,1836090,"26 years, 9 months, 26 days"
203486,Mason Plumlee,Hornets,Forward,210,115,USA,1990-03-05,9,22,661.0,22.3,8.3,6.6,2.4,0.8,0.9,2022-10-02,9080417,"32 years, 5 months, 26 days"
1627751,Jakob Poeltl,Spurs,Center,215,111,Austria,1995-10-15,6,9,416.0,20.2,7.3,6.1,1.4,0.5,1.3,2022-10-02,9398148,"26 years, 10 months, 16 days"
1630197,Aleksej Pokusevski,Thunder,Forward,213,86,Serbia,2001-12-26,2,17,106.0,21.9,7.8,5.0,2.2,0.6,0.8,2022-10-03,3261480,"20 years, 8 months, 5 days"
1629673,Jordan Poole,Warriors,Guard,193,87,USA,1999-06-19,3,28,184.0,24.7,13.7,2.6,2.9,0.7,0.2,2022-09-30,3901399,"23 years, 2 months, 12 days"
1629645,Kevin Porter Jr.,Rockets,Guard,193,92,USA,2000-05-04,3,30,137.0,28.5,13.7,3.9,4.7,1.0,0.3,2022-10-02,3217631,"22 years, 3 months, 27 days"
1629008,Michael Porter Jr.,Nuggets,Forward,208,98,USA,1998-06-29,3,14,125.0,24.6,14.1,6.1,1.1,0.6,0.6,2022-10-03,30913750,"24 years, 2 months, 2 days"
203490,Otto Porter Jr.,Raptors,Forward,203,89,USA,1993-06-03,9,3,504.0,26.0,10.6,5.1,1.5,1.1,0.4,2022-10-02,6000000,"29 years, 2 months, 28 days"
1626171,Bobby Portis,Bucks,Forward,208,113,USA,1995-02-10,7,22,453.0,21.7,11.1,6.6,1.2,0.6,0.4,2022-10-01,10843350,"27 years, 6 months, 21 days"
204001,Kristaps Porzingis,Wizards,Forward,220,108,Latvia,1995-08-02,6,4,337.0,30.8,18.9,7.9,1.6,0.7,1.9,2022-09-30,33833400,"27 years, 0 months, 29 days"
203939,Dwight Powell,Mavericks,Forward,208,108,Canada,1991-07-20,8,45,511.0,19.0,7.7,4.6,1.0,0.6,0.5,2022-10-05,11080125,"31 years, 1 months, 11 days"
1626181,Norman Powell,Clippers,Guard,190,97,USA,1993-05-25,7,46,421.0,22.4,11.3,2.6,1.5,0.8,0.3,2022-09-30,16758621,"29 years, 3 months, 6 days"
1630563,Joshua Primo,Spurs,Guard,193,85,Canada,2002-12-24,1,12,50.0,19.3,5.8,2.3,1.6,0.4,0.5,2022-10-02,4144320,"19 years, 8 months, 7 days"
1627752,Taurean Prince,Timberwolves,Forward,198,98,USA,1994-03-22,6,12,370.0,24.2,10.5,3.9,1.7,0.8,0.4,2022-10-04,7295000,"28 years, 5 months, 9 days"
1630202,Payton Pritchard,Celtics,Guard,185,88,USA,1998-01-28,2,26,137.0,16.6,6.9,2.1,1.9,0.5,0.1,2022-10-02,2239200,"24 years, 7 months, 3 days"
1630243,Trevelin Queen,76ers,Guard,198,86,USA,1997-02-25,1,0,10.0,7.4,4.3,1.6,0.4,0.5,0.1,2022-10-03,1637966,"25 years, 6 months, 6 days"
1630193,Immanuel Quickley,Knicks,Guard,190,86,USA,1999-06-17,2,25,142.0,21.5,11.4,2.7,2.8,0.6,0.1,2022-10-04,2316240,"23 years, 2 months, 14 days"
203944,Julius Randle,Knicks,Forward,203,113,USA,1994-11-29,8,7,518.0,31.2,17.7,9.3,3.6,0.7,0.5,2022-10-04,23760000,"27 years, 9 months, 2 days"
1630559,Austin Reaves,Lakers,Guard,195,89,USA,1998-05-29,1,0,61.0,23.2,7.3,3.2,1.8,0.5,0.3,2022-10-03,1563518,"24 years, 3 months, 2 days"
1629629,Cam Reddish,Knicks,Forward,203,98,USA,1999-09-01,3,10,133.0,24.9,10.5,3.2,1.3,1.1,0.4,2022-10-04,5954454,"22 years, 11 months, 30 days"
1628432,Davon Reed,Nuggets,Guard,195,93,USA,1995-06-11,3,32,79.0,12.1,3.6,1.9,0.9,0.4,0.1,2022-10-03,1902133,"27 years, 2 months, 20 days"
1630194,Paul Reed,76ers,Forward,205,95,USA,1999-06-14,2,58,64.0,7.5,3.2,2.4,0.4,0.7,0.4,2022-10-03,1782621,"23 years, 2 months, 17 days"
1629675,Naz Reid,Timberwolves,Center,205,119,USA,1999-08-26,3,0,177.0,17.3,9.5,4.2,1.0,0.5,1.0,2022-10-04,1930681,"23 years, 0 months, 5 days"
1630208,Nick Richards,Hornets,Center,213,111,Jamaica,1997-11-29,2,42,68.0,6.3,2.4,1.4,0.2,0.1,0.3,2022-10-02,1782621,"24 years, 9 months, 2 days"
1626196,Josh Richardson,Spurs,Guard,195,90,USA,1993-09-15,7,40,438.0,29.8,12.0,3.1,2.7,1.1,0.6,2022-10-02,12196094,"28 years, 11 months, 16 days"
203085,Austin Rivers,Timberwolves,Guard,193,90,USA,1992-08-01,10,10,655.0,24.2,8.8,2.1,2.2,0.7,0.2,2022-10-04,1836090,"30 years, 0 months, 30 days"
1629130,Duncan Robinson,Heat,Forward,200,97,USA,1994-04-22,4,0,239.0,27.7,11.9,2.9,1.5,0.5,0.2,2022-10-04,16902000,"28 years, 4 months, 9 days"
1629011,Mitchell Robinson,Knicks,Center,213,108,USA,1998-04-01,4,36,230.0,23.8,8.4,7.5,0.6,0.9,2.0,2022-10-04,17045454,"24 years, 4 months, 30 days"
1630526,Jeremiah Robinson-Earl,Thunder,Forward,203,109,USA,2000-11-03,1,32,49.0,22.2,7.5,5.6,1.0,0.6,0.3,2022-10-03,2000000,"21 years, 9 months, 28 days"
1629676,Isaiah Roby,Spurs,Forward,203,104,USA,1998-02-03,3,45,109.0,21.9,9.1,5.1,1.6,0.8,0.7,2022-10-02,1930681,"24 years, 6 months, 28 days"
201565,Derrick Rose,Knicks,Guard,187,90,USA,1988-10-04,13,1,672.0,31.7,18.2,3.3,5.4,0.8,0.3,2022-10-04,14520730,"33 years, 10 months, 27 days"
203082,Terrence Ross,Magic,Guard,198,93,USA,1991-02-05,10,8,670.0,24.8,11.2,2.8,1.3,0.8,0.3,2022-10-03,11500000,"31 years, 6 months, 26 days"
1626179,Terry Rozier,Hornets,Guard,185,86,USA,1994-03-17,7,16,477.0,26.1,12.7,3.9,3.2,0.9,0.2,2022-10-02,21486316,"28 years, 5 months, 14 days"
201937,Ricky Rubio,Cavaliers,Guard,187,86,Spain,1990-10-21,11,5,665.0,30.3,11.1,4.2,7.6,1.8,0.1,2022-10-05,5853659,"31 years, 10 months, 10 days"
1626156,D'Angelo Russell,Timberwolves,Guard,193,87,USA,1996-02-23,7,2,424.0,29.4,17.7,3.5,5.6,1.1,0.3,2022-10-04,31377750,"26 years, 6 months, 8 days"
1627734,Domantas Sabonis,Kings,Forward,210,108,Lithuania,1996-05-03,6,11,415.0,28.4,14.4,9.2,3.6,0.7,0.4,2022-10-03,18500000,"26 years, 3 months, 28 days"
203967,Dario Saric,Suns,Forward,208,102,Croatia,1994-04-08,5,12,356.0,25.2,11.7,5.9,2.0,0.6,0.2,2022-10-02,9240000,"28 years, 4 months, 23 days"
1630578,Alperen Sengun,Rockets,Center,208,110,Turkey,2002-07-25,1,16,72.0,20.7,9.6,5.5,2.6,0.8,0.9,2022-10-02,3375360,"20 years, 1 months, 6 days"
1629013,Landry Shamet,Suns,Guard,193,86,USA,1997-03-13,4,26,262.0,23.3,9.0,1.8,1.6,0.4,0.1,2022-10-02,9500000,"25 years, 5 months, 18 days"
1630549,Day'Ron Sharpe,Nets,Center,205,120,USA,2001-11-06,1,29,32.0,12.2,6.2,5.0,0.5,0.3,0.5,2022-10-03,2109480,"20 years, 9 months, 25 days"
1627783,Pascal Siakam,Raptors,Forward,203,104,Cameroon,1994-04-02,6,27,400.0,29.5,15.7,6.3,3.1,0.9,0.7,2022-10-02,35448672,"28 years, 4 months, 29 days"
1627732,Ben Simmons,Nets,Guard,210,108,Australia,1996-07-20,4,1,275.0,33.9,15.9,8.1,7.7,1.7,0.7,2022-10-03,35448672,"26 years, 1 months, 11 days"
1630250,Marko Simonovic,Bulls,Center,210,99,Montenegro,1999-10-15,1,44,9.0,3.9,1.9,1.1,0.0,0.1,0.1,2022-10-04,1563518,"22 years, 10 months, 16 days"
1629014,Anfernee Simons,Trail Blazers,Guard,190,82,USA,1999-06-08,4,24,211.0,20.7,10.2,2.2,2.0,0.4,0.1,2022-10-03,22321429,"23 years, 2 months, 23 days"
1630579,Jericho Sims,Knicks,Center,205,113,USA,1998-10-20,1,58,41.0,13.5,2.2,4.1,0.5,0.3,0.5,2022-10-04,1639842,"23 years, 10 months, 11 days"
203935,Marcus Smart,Celtics,Guard,193,99,USA,1994-03-06,8,6,520.0,29.8,10.5,3.6,4.5,1.6,0.4,2022-10-02,17207142,"28 years, 5 months, 25 days"
202397,Ish Smith,Nuggets,Guard,182,79,USA,1988-07-05,12,0,719.0,20.0,7.6,2.5,3.9,0.7,0.3,2022-10-03,4725000,"34 years, 1 months, 26 days"
1630188,Jalen Smith,Pacers,Forward,208,97,USA,2000-03-16,2,10,78.0,13.8,6.7,4.4,0.4,0.2,0.6,2022-10-05,4670160,"22 years, 5 months, 15 days"
1630531,Jaden Springer,76ers,Guard,193,91,USA,2002-09-25,1,28,2.0,2.8,1.0,1.0,0.0,0.0,1.0,2022-10-03,2125200,"19 years, 11 months, 6 days"
203917,Nik Stauskas,Celtics,Guard,198,93,Canada,1993-10-07,7,8,343.0,19.5,6.7,2.0,1.5,0.4,0.2,,702311,"28 years, 10 months, 24 days"
1630205,Lamar Stevens,Cavaliers,Forward,198,104,USA,1997-07-09,2,0,103.0,14.7,5.3,2.5,0.7,0.5,0.3,2022-10-05,1782621,"25 years, 1 months, 22 days"
1630191,Isaiah Stewart,Pistons,Forward,203,113,USA,2001-05-22,2,16,139.0,23.5,8.1,7.7,1.0,0.4,1.2,2022-10-04,3433320,"21 years, 3 months, 9 days"
1629622,Max Strus,Heat,Guard,195,97,USA,1996-03-28,3,0,109.0,19.3,8.8,2.2,1.1,0.4,0.2,2022-10-04,1815677,"26 years, 5 months, 3 days"
1630591,Jalen Suggs,Magic,Guard,195,92,USA,2001-06-03,1,5,48.0,27.2,11.8,3.6,4.4,1.2,0.4,2022-10-03,6922320,"21 years, 2 months, 28 days"
1630256,Jae'Sean Tate,Rockets,Forward,193,104,USA,1995-10-28,2,0,148.0,27.7,11.6,5.4,2.7,1.1,0.5,2022-10-02,7065217,"26 years, 10 months, 3 days"
1628369,Jayson Tatum,Celtics,Forward,203,95,USA,1998-03-03,5,3,365.0,33.4,20.9,6.6,3.0,1.1,0.7,2022-10-02,30351780,"24 years, 5 months, 28 days"
1630678,Terry Taylor,Pacers,Forward,195,104,USA,1999-09-23,1,0,33.0,21.6,9.6,5.2,1.2,0.4,0.2,2022-10-05,1563518,"22 years, 11 months, 8 days"
202066,Garrett Temple,Pelicans,Guard,195,88,USA,1986-05-08,12,0,691.0,21.4,6.4,2.3,1.7,0.8,0.3,2022-10-04,5155500,"36 years, 3 months, 23 days"
1630179,Tyrell Terry,Grizzlies,Guard,187,72,USA,2000-09-28,3,31,13.0,4.6,1.0,0.5,0.5,0.4,0.0,,1782621,"21 years, 11 months, 3 days"
1628464,Daniel Theis,Pacers,Forward,205,111,Germany,1992-04-04,5,0,306.0,19.6,7.6,4.9,1.3,0.5,0.9,2022-10-05,8694369,"30 years, 4 months, 27 days"
1630560,Cam Thomas,Nets,Guard,190,95,Japan,2001-10-13,1,27,67.0,17.6,8.5,2.4,1.2,0.5,0.1,2022-10-03,2138160,"20 years, 10 months, 18 days"
202691,Klay Thompson,Warriors,Guard,198,99,USA,1990-02-08,9,11,647.0,32.9,19.5,3.5,2.3,0.9,0.5,2022-09-30,40600080,"32 years, 6 months, 23 days"
1630550,JT Thor,Hornets,Forward,205,92,USA,2002-08-26,1,37,33.0,7.9,2.0,1.3,0.6,0.2,0.3,2022-10-02,1563518,"20 years, 0 months, 5 days"
1629680,Matisse Thybulle,76ers,Guard,195,91,USA,1997-03-04,3,20,196.0,21.8,4.8,1.9,1.1,1.6,1.0,2022-10-03,4379527,"25 years, 5 months, 27 days"
1629681,Killian Tillie,Grizzlies,Forward,205,99,France,1998-03-05,2,0,54.0,11.9,3.2,1.6,0.6,0.5,0.4,2022-10-01,1901625,"24 years, 5 months, 26 days"
1630214,Xavier Tillman Sr.,Grizzlies,Forward,203,111,USA,1999-01-12,2,35,112.0,15.9,5.7,3.7,1.2,0.8,0.4,2022-10-01,1782621,"23 years, 7 months, 19 days"
1630225,Isaiah Todd,Wizards,Forward,205,99,USA,2001-10-17,1,31,12.0,6.2,1.7,1.0,0.3,0.3,0.2,2022-09-30,1575000,"20 years, 10 months, 14 days"
1630167,Obi Toppin,Knicks,Forward,205,99,USA,1998-03-04,2,8,134.0,14.3,6.7,3.0,0.8,0.3,0.4,2022-10-04,5348280,"24 years, 5 months, 27 days"
1629308,Juan Toscano-Anderson,Lakers,Forward,198,94,USA,1993-04-10,3,0,139.0,17.1,4.8,3.3,2.2,0.7,0.3,2022-10-03,1836090,"29 years, 4 months, 21 days"
1626157,Karl-Anthony Towns,Timberwolves,Center,210,112,USA,1995-11-15,7,1,482.0,34.2,23.2,11.3,3.1,0.8,1.4,2022-10-04,33833400,"26 years, 9 months, 16 days"
1629018,Gary Trent Jr.,Raptors,Guard,195,94,USA,1999-01-18,4,37,204.0,27.9,13.5,2.2,1.4,1.1,0.2,2022-10-02,17505000,"23 years, 7 months, 13 days"
200782,P.J. Tucker,76ers,Forward,195,111,USA,1985-05-05,11,35,777.0,29.0,7.1,5.6,1.5,1.1,0.3,2022-10-03,10490000,"37 years, 3 months, 26 days"
1626167,Myles Turner,Pacers,Center,210,113,USA,1996-03-24,7,11,431.0,28.7,12.7,6.7,1.2,0.7,2.3,2022-10-05,18000000,"26 years, 5 months, 7 days"
202685,Jonas Valanciunas,Pelicans,Center,210,120,Lithuania,1992-05-06,10,5,695.0,26.1,13.4,9.5,1.2,0.4,1.0,2022-10-04,14700000,"30 years, 3 months, 25 days"
1627832,Fred VanVleet,Raptors,Guard,185,89,USA,1994-02-25,6,0,348.0,28.3,13.7,3.2,4.9,1.3,0.4,2022-10-02,21250000,"28 years, 6 months, 6 days"
1629020,Jarred Vanderbilt,Jazz,Forward,205,97,USA,1999-04-03,4,41,166.0,18.9,5.4,6.2,1.1,1.0,0.6,2022-10-02,4374000,"23 years, 4 months, 28 days"
1630170,Devin Vassell,Spurs,Guard,195,90,USA,2000-08-23,2,11,133.0,22.5,9.1,3.6,1.4,0.9,0.4,2022-10-02,4437000,"22 years, 0 months, 8 days"
1630170,Devin Vassell,Spurs,Guard,195,90,USA,2000-08-23,2,11,133.0,22.5,9.1,3.6,1.4,0.9,0.4,2022-10-02,4437000,"22 years, 0 months, 8 days"
1630492,Luca Vildoza,Bucks,Guard,190,86,Argentina,1995-08-11,1,0,,,,,,,,2022-10-01,1836090,"27 years, 0 months, 20 days"
1629216,Gabe Vincent,Heat,Guard,190,90,USA,1996-06-14,3,0,127.0,18.3,6.7,1.5,2.2,0.7,0.1,2022-10-04,1815677,"26 years, 2 months, 17 days"
202696,Nikola Vucevic,Bulls,Center,208,117,Montenegro,1990-10-24,11,16,741.0,30.9,16.9,10.4,2.7,0.9,0.9,2022-10-04,22000000,"31 years, 10 months, 7 days"
1629731,Dean Wade,Cavaliers,Forward,205,103,USA,1996-11-20,3,0,126.0,18.0,5.3,3.0,1.0,0.5,0.3,2022-10-05,1930681,"25 years, 9 months, 11 days"
1630532,Franz Wagner,Magic,Forward,208,99,Germany,2001-08-27,1,8,79.0,30.7,15.2,4.5,2.9,0.9,0.4,2022-10-03,5258280,"21 years, 0 months, 4 days"
1629021,Moritz Wagner,Magic,Forward,210,111,Germany,1997-04-26,4,25,196.0,15.1,7.5,3.5,1.1,0.4,0.3,2022-10-03,1878720,"25 years, 4 months, 5 days"
202689,Kemba Walker,Pistons,Guard,182,83,USA,1990-05-08,11,9,741.0,33.3,19.5,3.8,5.3,1.2,0.4,2022-10-04,9165471,"32 years, 3 months, 23 days"
1629022,Lonnie Walker IV,Lakers,Guard,193,92,USA,1998-12-14,4,18,208.0,20.4,9.4,2.4,1.6,0.5,0.2,2022-10-03,6479000,"23 years, 8 months, 17 days"
202322,John Wall,Clippers,Guard,190,95,USA,1990-09-06,10,1,613.0,35.6,19.1,4.3,9.1,1.7,0.7,2022-09-30,47345760,"31 years, 11 months, 25 days"
203933,T.J. Warren,Nets,Forward,203,99,USA,1993-09-05,7,14,332.0,28.8,15.5,4.1,1.2,1.0,0.5,2022-10-03,1836090,"28 years, 11 months, 26 days"
1629023,P.J. Washington,Hornets,Forward,200,104,USA,1998-08-23,3,12,187.0,29.3,11.8,5.7,2.3,0.9,1.0,2022-10-02,5808435,"24 years, 0 months, 8 days"
1630570,Trendon Watford,Trail Blazers,Forward,203,107,USA,2000-11-09,1,0,48.0,18.1,7.6,4.1,1.7,0.5,0.6,2022-10-03,1563518,"21 years, 9 months, 22 days"
201566,Russell Westbrook,Lakers,Guard,190,90,USA,1988-11-12,14,4,1021.0,34.7,22.8,7.4,8.4,1.7,0.3,2022-10-03,47063478,"33 years, 9 months, 19 days"
1629632,Coby White,Bulls,Guard,193,88,USA,2000-02-16,3,7,195.0,28.2,13.7,3.6,3.5,0.6,0.2,2022-10-04,7413955,"22 years, 6 months, 15 days"
1628401,Derrick White,Celtics,Guard,193,86,USA,1994-07-02,5,29,263.0,25.9,11.5,3.3,3.8,0.8,0.8,2022-10-02,16892857,"28 years, 1 months, 29 days"
1630598,Aaron Wiggins,Thunder,Guard,193,86,USA,1999-01-02,1,55,50.0,24.2,8.3,3.6,1.4,0.6,0.2,2022-10-03,1563518,"23 years, 7 months, 29 days"
203952,Andrew Wiggins,Warriors,Forward,200,89,Canada,1995-02-23,8,1,598.0,35.0,19.3,4.4,2.3,1.0,0.7,2022-09-30,33616770,"27 years, 6 months, 8 days"
1629623,Lindell Wigginton,Bucks,Guard,185,85,Canada,1998-03-28,1,0,19.0,10.5,4.2,1.3,1.2,0.3,0.1,2022-10-01,1637966,"24 years, 5 months, 3 days"
1629684,Grant Williams,Celtics,Forward,198,107,USA,1998-11-30,3,22,209.0,19.4,5.4,3.0,1.0,0.5,0.6,2022-10-02,4306281,"23 years, 9 months, 1 days"
1629026,Kenrich Williams,Thunder,Guard,198,95,USA,1994-12-02,4,0,200.0,22.0,6.5,4.5,2.0,0.9,0.3,2022-10-03,2000000,"27 years, 8 months, 29 days"
1630172,Patrick Williams,Bulls,Forward,200,97,USA,2001-08-26,2,4,88.0,27.3,9.2,4.5,1.3,0.8,0.6,2022-10-04,7775400,"21 years, 0 months, 5 days"
1630533,Ziaire Williams,Grizzlies,Forward,205,83,USA,2001-09-12,1,10,62.0,21.7,8.1,2.1,1.0,0.6,0.2,2022-10-01,4591680,"20 years, 11 months, 19 days"
1629627,Zion Williamson,Pelicans,Forward,198,128,USA,2000-07-06,2,1,85.0,31.7,25.7,7.0,3.2,0.9,0.6,2022-10-04,13534817,"22 years, 1 months, 25 days"
1629685,Dylan Windler,Cavaliers,Guard,198,88,USA,1996-09-22,2,26,81.0,12.0,3.3,2.4,0.8,0.4,0.2,2022-10-05,4037278,"25 years, 11 months, 9 days"
1626159,Justise Winslow,Trail Blazers,Forward,198,100,USA,1996-03-26,7,10,315.0,25.8,8.4,5.1,2.5,0.9,0.4,2022-10-03,4097561,"26 years, 5 months, 5 days"
1630164,James Wiseman,Warriors,Center,213,108,USA,2001-03-31,1,2,39.0,21.4,11.5,5.8,0.7,0.3,0.9,2022-09-30,9603360,"21 years, 5 months, 0 days"
1626174,Christian Wood,Mavericks,Forward,205,97,USA,1995-09-27,6,0,222.0,23.6,14.2,7.3,1.3,0.6,0.9,2022-10-05,14317459,"26 years, 11 months, 4 days"
1626153,Delon Wright,Wizards,Guard,195,83,USA,1992-04-26,7,20,411.0,20.9,7.2,3.2,3.0,1.2,0.4,2022-09-30,7804878,"30 years, 4 months, 5 days"
1630593,McKinley Wright IV,Mavericks,Guard,180,87,USA,1998-10-25,1,0,5.0,3.8,1.0,0.0,0.6,0.0,0.0,2022-10-05,1637966,"23 years, 10 months, 6 days"
201152,Thaddeus Young,Raptors,Forward,203,106,USA,1988-06-21,15,12,1085.0,29.3,12.8,5.8,1.8,1.4,0.4,2022-10-02,8000000,"34 years, 2 months, 10 days"
1629027,Trae Young,Hawks,Guard,185,74,USA,1998-09-19,4,5,280.0,33.6,25.3,3.9,9.1,0.9,0.2,2022-10-06,37096500,"23 years, 11 months, 12 days"
1630209,Omer Yurtseven,Heat,Center,210,124,Turkey,1998-06-19,1,0,56.0,12.6,5.3,5.3,0.9,0.3,0.4,2022-10-04,1752638,"24 years, 2 months, 12 days"
1627826,Ivica Zubac,Clippers,Center,213,108,Croatia,1997-03-18,6,32,360.0,19.0,8.3,6.5,1.1,0.3,0.8,2022-09-30,10123457,"25 years, 5 months, 13 days"
