PLAYER_ID,PLAYER_NAME,TEAM_NAME,POSITION,HEIGHT,WEIGHT,COUNTRY,BIRTHDATE,SEASON_EXP,DRAFT_NUMBER,GP,MIN,PTS,REB,AST,STL,BLK,GAME_DATE,SALARY
1630173,Precious Achiuwa,Raptors,Forward,6-8,225,Nigeria,1999-09-19T00:00:00,2,20,134.0,18.4,7.2,5.1,0.8,0.4,0.5,OCT 02 2022,"$2,840,160"
203500,Steven Adams,Grizzlies,Center,6-11,265,New Zealand,1993-07-20T00:00:00,9,12,664.0,26.8,9.3,8.0,1.5,0.9,0.9,OCT 01 2022,"$17,926,829"
1628389,Bam Adebayo,Heat,Center-Forward,6-9,255,USA,1997-07-18T00:00:00,5,14,343.0,28.2,13.5,8.3,3.5,1.0,0.9,OCT 04 2022,"$30,351,780"
1630583,Santi Aldama,Grizzlies,Forward-Center,6-11,215,Spain,2001-01-10T00:00:00,1,30,32.0,11.2,4.1,2.7,0.7,0.2,0.3,OCT 01 2022,"$2,094,120"
200746,LaMarcus Aldridge,Nets,Center-Forward,6-11,250,USA,1985-07-19T00:00:00,16,2,1076.0,33.7,19.1,8.1,1.9,0.7,1.1,OCT 03 2022,
1629638,Nickeil Alexander-Walker,Jazz,Guard,6-5,205,Canada,1998-09-02T00:00:00,3,17,158.0,19.4,9.3,2.6,2.2,0.7,0.3,OCT 02 2022,"$5,009,633"
1628960,Grayson Allen,Bucks,Guard,6-4,198,USA,1995-10-08T00:00:00,4,21,192.0,21.9,9.4,2.6,1.5,0.6,0.2,OCT 01 2022,"$8,500,000"
1628386,Jarrett Allen,Cavaliers,Center,6-10,243,USA,1998-04-21T00:00:00,5,22,341.0,26.6,11.6,8.7,1.4,0.5,1.4,OCT 05 2022,"$20,000,000"
1630631,Jose Alvarado,Pelicans,Guard,6-0,179,USA,1998-04-12T00:00:00,1,Undrafted,54.0,15.4,6.1,1.9,2.8,1.3,0.1,OCT 04 2022,"$1,563,518"
203937,Kyle Anderson,Timberwolves,Forward-Guard,6-9,230,USA,1993-09-20T00:00:00,8,30,505.0,21.0,6.7,4.4,2.3,1.0,0.6,OCT 04 2022,"$8,780,488"
203507,Giannis Antetokounmpo,Bucks,Forward,6-11,242,Greece,1994-12-06T00:00:00,9,15,656.0,32.6,21.8,9.4,4.6,1.2,1.3,OCT 01 2022,"$42,492,492"
203648,Thanasis Antetokounmpo,Bucks,Forward,6-6,219,Greece,1992-07-18T00:00:00,4,51,127.0,9.1,3.1,2.0,0.7,0.4,0.2,OCT 01 2022,"$1,878,720"
2546,Carmelo Anthony,Lakers,Forward,6-7,238,USA,1984-05-29T00:00:00,19,3,1260.0,34.5,22.5,6.2,2.7,1.0,0.5,OCT 03 2022,
1630175,Cole Anthony,Magic,Guard,6-3,185,USA,2000-05-15T00:00:00,2,15,112.0,29.8,14.9,5.1,5.0,0.7,0.3,OCT 03 2022,"$3,613,680"
1628384,OG Anunoby,Raptors,Forward,6-7,232,United Kingdom,1997-07-17T00:00:00,5,23,301.0,26.8,10.4,4.1,1.4,1.1,0.5,OCT 02 2022,"$17,357,143"
1627853,Ryan Arcidiacono,Bulls,Guard,6-3,195,USA,1994-03-26T00:00:00,6,Undrafted,217.0,17.2,4.6,2.0,2.1,0.5,0.0,,
201571,D.J. Augustin,Lakers,Guard,5-11,183,USA,1987-11-10T00:00:00,14,9,976.0,23.4,9.5,1.8,3.9,0.6,0.0,OCT 03 2022,"$333,333"
1630166,Deni Avdija,Wizards,Forward,6-9,210,Israel,2001-01-03T00:00:00,2,9,136.0,23.8,7.6,5.1,1.7,0.7,0.4,SEP 30 2022,"$4,916,160"
1629028,Deandre Ayton,Suns,Center,6-11,250,Bahamas,1998-07-23T00:00:00,4,1,236.0,30.7,16.3,10.5,1.6,0.7,1.0,OCT 02 2022,"$30,913,750"
1628962,Udoka Azubuike,Jazz,Center-Forward,7-0,270,Nigeria,1999-09-17T00:00:00,2,27,32.0,7.9,3.0,2.6,0.0,0.1,0.5,OCT 02 2022,"$2,174,880"
1628963,Marvin Bagley III,Pistons,Forward,6-11,235,USA,1999-03-14T00:00:00,4,2,166.0,25.1,13.6,7.4,0.9,0.5,0.7,OCT 04 2022,"$12,500,000"
1630163,LaMelo Ball,Hornets,Guard,6-7,180,USA,2001-08-22T00:00:00,2,3,126.0,30.9,18.3,6.4,7.0,1.6,0.4,OCT 02 2022,"$8,623,920"
1628366,Lonzo Ball,Bulls,Guard,6-6,190,USA,1997-10-27T00:00:00,5,2,252.0,32.5,11.9,5.7,6.2,1.6,0.6,OCT 04 2022,"$19,534,884"
1628964,Mo Bamba,Magic,Center,7-0,231,USA,1998-05-12T00:00:00,4,6,226.0,18.6,7.7,6.1,0.9,0.4,1.4,OCT 03 2022,"$10,300,000"
1630217,Desmond Bane,Grizzlies,Guard,6-5,215,USA,1998-06-25T00:00:00,2,30,144.0,26.3,14.0,3.8,2.3,0.9,0.3,OCT 01 2022,"$2,130,240"
1630625,Dalano Banton,Raptors,Forward,6-7,204,Canada,1999-11-07T00:00:00,1,46,64.0,10.9,3.2,1.9,1.5,0.4,0.2,OCT 02 2022,"$1,563,518"
203084,Harrison Barnes,Kings,Forward,6-8,225,USA,1992-05-30T00:00:00,10,7,747.0,31.8,14.1,5.1,1.8,0.7,0.2,OCT 03 2022,"$18,352,273"
1630567,Scottie Barnes,Raptors,Forward,6-7,225,USA,2001-08-01T00:00:00,1,4,74.0,35.4,15.3,7.5,3.5,1.1,0.7,OCT 02 2022,"$7,644,600"
1629628,RJ Barrett,Knicks,Forward-Guard,6-6,214,Canada,2000-06-14T00:00:00,3,3,198.0,33.5,17.5,5.6,2.9,0.8,0.3,OCT 04 2022,"$10,900,635"
203115,Will Barton,Wizards,Guard,6-5,181,USA,1991-01-06T00:00:00,10,40,623.0,25.9,11.6,4.3,2.7,0.8,0.4,SEP 30 2022,"$14,375,000"
1629646,Charles Bassey,76ers,Center-Forward,6-9,230,Nigeria,2000-10-28T00:00:00,1,53,23.0,7.3,3.0,2.7,0.3,0.2,0.7,OCT 03 2022,"$1,563,518"
1628966,Keita Bates-Diop,Spurs,Forward,6-8,229,USA,1996-01-23T00:00:00,4,48,163.0,15.0,5.2,3.0,0.6,0.5,0.3,OCT 02 2022,"$1,878,720"
201587,Nicolas Batum,Clippers,Guard-Forward,6-8,230,France,1988-12-14T00:00:00,14,25,915.0,30.6,11.1,5.1,3.5,1.0,0.6,SEP 30 2022,"$19,700,319"
203145,Kent Bazemore,Lakers,Guard-Forward,6-4,195,USA,1989-07-01T00:00:00,10,Undrafted,657.0,20.6,8.2,3.2,1.8,1.0,0.5,OCT 03 2022,
1629647,Darius Bazley,Thunder,Forward,6-8,208,USA,2000-06-12T00:00:00,3,23,185.0,25.8,10.0,5.8,1.3,0.6,0.7,OCT 03 2022,"$4,264,629"
203078,Bradley Beal,Wizards,Guard,6-4,207,USA,1993-06-28T00:00:00,10,3,645.0,34.8,22.1,4.1,4.2,1.1,0.4,SEP 30 2022,"$43,279,250"
1627736,Malik Beasley,Jazz,Guard,6-4,187,USA,1996-11-26T00:00:00,6,19,336.0,20.9,10.4,2.5,1.2,0.6,0.1,OCT 02 2022,"$15,558,035"
202722,Davis Bertans,Mavericks,Forward,6-10,225,Latvia,1992-11-12T00:00:00,6,42,387.0,19.1,8.2,2.7,1.0,0.4,0.4,OCT 05 2022,"$16,000,000"
201976,Patrick Beverley,Lakers,Guard,6-1,180,USA,1988-07-12T00:00:00,10,42,526.0,27.4,8.8,4.3,3.5,1.1,0.5,OCT 03 2022,"$13,000,000"
1630180,Saddiq Bey,Pistons,Forward,6-7,215,USA,1999-04-09T00:00:00,2,19,152.0,30.4,14.3,5.0,2.2,0.8,0.2,OCT 04 2022,"$2,959,080"
203920,Khem Birch,Raptors,Center,6-9,233,Canada,1992-09-28T00:00:00,5,Undrafted,262.0,17.8,5.2,4.6,1.0,0.5,0.6,OCT 02 2022,"$6,667,500"
1629048,Goga Bitadze,Pacers,Center-Forward,7-0,250,Georgia,1999-07-20T00:00:00,3,18,149.0,11.8,5.0,2.9,0.8,0.3,0.9,OCT 05 2022,"$4,765,339"
202687,Bismack Biyombo,Suns,Center,6-8,255,DRC,1992-08-28T00:00:00,11,7,738.0,19.9,5.2,6.1,0.6,0.3,1.3,OCT 02 2022,"$1,836,090"
202357,Nemanja Bjelica,Warriors,Forward,6-9,234,Serbia,1988-05-09T00:00:00,8,35,449.0,20.4,7.6,4.6,1.8,0.6,0.4,,
202339,Eric Bledsoe,Trail Blazers,Guard,6-1,214,USA,1989-12-09T00:00:00,13,18,756.0,27.8,13.7,3.9,4.7,1.4,0.5,,"$1,300,000"
1629833,Keljin Blevins,Trail Blazers,Guard,6-4,200,USA,1995-11-24T00:00:00,2,,48.0,8.8,2.2,1.1,0.5,0.3,0.0,OCT 03 2022,
203992,Bogdan Bogdanovic,Hawks,Guard,6-6,225,Serbia,1992-08-18T00:00:00,5,27,316.0,28.6,14.2,3.4,3.4,1.0,0.2,OCT 06 2022,"$18,000,000"
202711,Bojan Bogdanovic,Jazz,Forward,6-7,226,Croatia,1989-04-18T00:00:00,8,31,603.0,29.1,15.0,3.6,1.6,0.6,0.1,OCT 02 2022,"$19,550,000"
1629626,Bol Bol,Magic,Center-Forward,7-2,220,Sudan,1999-11-16T00:00:00,3,44,53.0,6.2,2.7,1.2,0.3,0.1,0.3,OCT 03 2022,"$2,200,000"
1630195,Leandro Bolmaro,Jazz,Forward,6-6,200,Argentina,2000-09-11T00:00:00,1,23,35.0,6.9,1.4,1.2,0.6,0.2,0.0,OCT 02 2022,"$2,471,160"
1629067,Isaac Bonga,Raptors,Guard,6-8,180,Germany,1999-11-08T00:00:00,4,39,143.0,13.1,3.1,2.2,0.8,0.5,0.3,OCT 02 2022,
1626164,Devin Booker,Suns,Guard,6-5,206,USA,1996-10-30T00:00:00,7,13,477.0,33.7,23.5,3.9,4.7,0.8,0.3,OCT 02 2022,"$33,833,400"
1630527,Brandon Boston,Clippers,Guard,6-6,188,USA,2001-11-28T00:00:00,1,51,51.0,14.9,6.7,2.2,1.0,0.5,0.3,SEP 30 2022,
1628449,Chris Boucher,Raptors,Forward-Center,6-9,200,Saint Lucia,1993-01-11T00:00:00,5,Undrafted,231.0,17.9,9.0,5.3,0.5,0.5,1.2,OCT 02 2022,"$12,690,000"
1630547,James Bouknight,Hornets,Guard,6-4,190,USA,2000-09-18T00:00:00,1,11,31.0,9.8,4.6,1.7,0.8,0.2,0.0,OCT 02 2022,"$4,362,240"
202340,Avery Bradley,Lakers,Guard,6-3,180,USA,1990-11-26T00:00:00,12,19,660.0,27.5,11.0,2.8,1.7,1.0,0.2,OCT 03 2022,
1628396,Tony Bradley,Bulls,Center-Forward,6-10,248,USA,1998-01-08T00:00:00,5,28,167.0,11.7,4.6,4.3,0.5,0.2,0.6,OCT 04 2022,"$2,036,318"
1629649,Ignas Brazdeikis,Magic,Forward,6-6,221,Canada,1999-01-08T00:00:00,3,47,64.0,13.1,5.0,1.9,0.9,0.2,0.1,OCT 03 2022,
1628969,Mikal Bridges,Suns,Forward,6-6,209,USA,1996-08-30T00:00:00,4,10,309.0,31.3,11.3,3.9,2.1,1.3,0.6,OCT 02 2022,"$20,100,000"
1628970,Miles Bridges,Hornets,Forward,6-7,225,USA,1998-03-21T00:00:00,4,12,291.0,29.1,13.4,5.6,2.3,0.7,0.7,OCT 02 2022,
1629052,Oshae Brissett,Pacers,Forward-Guard,6-7,210,Canada,1998-06-20T00:00:00,3,Undrafted,107.0,20.7,8.2,4.7,0.9,0.6,0.5,OCT 05 2022,"$1,846,738"
1627763,Malcolm Brogdon,Celtics,Guard,6-5,229,USA,1992-12-11T00:00:00,6,36,333.0,30.2,15.5,4.2,4.8,0.9,0.2,OCT 02 2022,"$22,600,000"
1629717,Armoni Brooks,Raptors,Guard,6-3,195,USA,1998-06-05T00:00:00,3,,74.0,18.4,6.9,2.3,1.2,0.5,0.2,,"$50,000"
1628415,Dillon Brooks,Grizzlies,Guard-Forward,6-7,225,Canada,1996-01-22T00:00:00,5,45,272.0,28.2,14.5,3.0,2.0,1.0,0.3,OCT 01 2022,"$11,400,000"
1628971,Bruce Brown,Nuggets,Guard-Forward,6-4,202,USA,1996-08-15T00:00:00,4,42,269.0,23.5,7.6,4.3,2.1,0.9,0.5,OCT 03 2022,"$6,479,000"
1627759,Jaylen Brown,Celtics,Guard-Forward,6-6,223,USA,1996-10-24T00:00:00,6,3,403.0,28.7,16.5,4.9,2.0,0.9,0.4,OCT 02 2022,"$28,741,071"
1629650,Moses Brown,Clippers,Center,7-2,245,USA,1999-10-13T00:00:00,3,Undrafted,92.0,14.1,6.0,5.8,0.1,0.4,0.7,SEP 30 2022,"$1,836,090"
1628425,Sterling Brown,Rockets,Guard-Forward,6-5,219,USA,1995-02-10T00:00:00,5,46,264.0,16.8,5.4,3.3,1.0,0.5,0.2,OCT 02 2022,"$3,000,000"
1630535,Greg Brown III,Trail Blazers,Forward,6-7,206,USA,2001-09-01T00:00:00,1,43,48.0,13.3,4.7,2.8,0.7,0.5,0.5,OCT 03 2022,"$1,563,518"
1629718,Charlie Brown Jr.,76ers,Guard,6-6,199,USA,1997-02-02T00:00:00,3,Undrafted,41.0,9.0,2.2,1.3,0.4,0.4,0.2,OCT 03 2022,
1630602,Chaundee Brown Jr.,Hawks,Forward,6-5,215,USA,1998-12-04T00:00:00,1,Undrafted,5.0,20.7,6.2,3.2,0.8,0.4,0.0,OCT 06 2022,
1628972,Troy Brown Jr.,Lakers,Guard-Forward,6-6,215,USA,1999-07-28T00:00:00,4,15,221.0,18.5,6.4,3.8,1.6,0.7,0.1,OCT 03 2022,"$1,836,090"
1628973,Jalen Brunson,Knicks,Guard,6-1,190,USA,1996-08-31T00:00:00,4,33,277.0,24.7,11.9,3.0,3.7,0.6,0.0,OCT 04 2022,"$27,733,332"
1628418,Thomas Bryant,Lakers,Center-Forward,6-10,248,USA,1997-07-31T00:00:00,5,42,170.0,20.1,10.2,5.7,1.3,0.4,0.9,OCT 03 2022,"$1,836,090"
203493,Reggie Bullock,Mavericks,Guard-Forward,6-6,205,USA,1991-03-16T00:00:00,9,25,434.0,22.5,7.8,2.5,1.2,0.6,0.1,OCT 05 2022,"$10,012,800"
203504,Trey Burke,Rockets,Guard,6-0,185,USA,1992-11-12T00:00:00,9,9,498.0,20.9,9.6,1.8,3.1,0.6,0.1,OCT 02 2022,"$3,423,750"
202692,Alec Burks,Pistons,Guard,6-6,214,USA,1991-07-20T00:00:00,11,12,625.0,23.0,10.6,3.5,2.0,0.7,0.2,OCT 04 2022,"$10,012,800"
1630215,Jared Butler,Jazz,Guard,6-3,193,USA,2000-08-25T00:00:00,1,40,42.0,8.6,3.8,1.1,1.5,0.4,0.2,OCT 02 2022,"$1,563,518"
202710,Jimmy Butler,Heat,Forward,6-7,230,USA,1989-09-14T00:00:00,11,30,690.0,33.1,17.7,5.3,4.1,1.6,0.5,OCT 04 2022,"$37,653,300"
1629719,Devontae Cacok,Spurs,Forward,6-7,240,USA,1996-10-08T00:00:00,3,Undrafted,36.0,6.3,2.5,2.2,0.2,0.4,0.3,OCT 02 2022,
203484,Kentavious Caldwell-Pope,Nuggets,Guard,6-5,204,USA,1993-02-18T00:00:00,9,8,683.0,29.2,11.6,3.1,1.7,1.1,0.2,OCT 03 2022,"$14,004,703"
1630267,Facundo Campazzo,Nuggets,Guard,5-10,195,Argentina,1991-03-23T00:00:00,3,Undrafted,130.0,20.1,5.6,1.9,3.5,1.1,0.3,,
1628427,Vlatko Cancar,Nuggets,Forward,6-8,236,Slovenia,1997-04-10T00:00:00,3,49,70.0,7.2,2.3,1.3,0.5,0.2,0.1,OCT 03 2022,"$2,234,359"
1629962,Devin Cannady,Magic,Guard,6-2,183,USA,1996-05-21T00:00:00,2,,13.0,16.8,6.5,0.8,0.8,0.8,0.3,OCT 03 2022,"$1,752,638"
203991,Clint Capela,Hawks,Center,6-10,256,Switzerland,1994-05-18T00:00:00,8,25,471.0,26.8,12.4,10.7,1.0,0.7,1.5,OCT 06 2022,"$18,706,896"
1630176,Vernon Carey Jr.,Wizards,Forward-Center,6-9,270,USA,2001-02-25T00:00:00,2,32,26.0,6.1,2.5,1.5,0.1,0.1,0.2,SEP 30 2022,"$1,782,621"
1628975,Jevon Carter,Bucks,Guard,6-1,200,USA,1995-09-14T00:00:00,4,32,223.0,14.1,4.4,1.7,1.4,0.6,0.2,OCT 01 2022,"$6,025,000"
1628976,Wendell Carter Jr.,Magic,Center-Forward,6-10,270,USA,1999-04-16T00:00:00,4,7,203.0,27.5,12.2,8.9,2.0,0.6,0.9,OCT 03 2022,"$14,150,000"
1627936,Alex Caruso,Bulls,Guard,6-5,186,USA,1994-02-28T00:00:00,5,Undrafted,225.0,20.6,6.2,2.5,2.7,1.1,0.3,OCT 04 2022,"$9,030,000"
1630551,Justin Champagnie,Raptors,Guard-Forward,6-6,206,USA,2001-06-29T00:00:00,1,Undrafted,36.0,7.8,2.3,2.0,0.3,0.2,0.1,OCT 02 2022,"$1,637,966"
1629185,Chris Chiozza,Warriors,Guard,5-11,175,USA,1995-11-21T00:00:00,4,Undrafted,91.0,11.4,3.3,1.3,2.4,0.5,0.1,SEP 30 2022,
1627737,Marquese Chriss,Rockets,Forward,6-9,240,USA,1997-07-02T00:00:00,6,8,292.0,18.3,7.6,4.7,1.0,0.6,0.8,OCT 02 2022,"$2,193,920"
1630528,Josh Christopher,Rockets,Guard,6-3,215,USA,2001-12-08T00:00:00,1,24,74.0,18.0,7.9,2.5,2.0,0.9,0.2,OCT 02 2022,"$2,372,160"
1629109,Gary Clark,Pelicans,Forward,6-6,225,USA,1994-11-16T00:00:00,4,Undrafted,170.0,13.2,3.1,2.5,0.5,0.3,0.4,OCT 04 2022,
1629634,Brandon Clarke,Grizzlies,Forward,6-8,215,Canada,1996-09-19T00:00:00,3,21,181.0,21.9,10.9,5.6,1.4,0.7,0.9,OCT 01 2022,"$4,343,920"
203903,Jordan Clarkson,Jazz,Guard,6-4,194,USA,1992-06-07T00:00:00,8,46,600.0,27.0,15.4,3.3,2.5,0.9,0.1,OCT 02 2022,"$13,340,000"
1629651,Nic Claxton,Nets,Center,6-11,215,USA,1999-04-17T00:00:00,3,31,94.0,18.7,7.3,5.0,0.9,0.5,1.1,OCT 03 2022,"$8,500,000"
1629599,Amir Coffey,Clippers,Guard-Forward,6-7,210,USA,1997-06-17T00:00:00,3,Undrafted,131.0,16.2,6.2,2.0,1.2,0.4,0.1,SEP 30 2022,"$3,395,062"
1628381,John Collins,Hawks,Forward-Center,6-9,226,USA,1997-09-23T00:00:00,5,19,293.0,29.0,16.5,8.3,1.6,0.6,1.0,OCT 06 2022,"$23,500,000"
1628380,Zach Collins,Spurs,Forward-Center,6-11,250,USA,1997-11-19T00:00:00,4,10,182.0,17.5,6.0,4.2,1.1,0.3,0.7,OCT 02 2022,"$7,350,000"
201144,Mike Conley,Jazz,Guard,6-1,175,USA,1987-10-11T00:00:00,15,4,958.0,32.0,14.8,3.0,5.6,1.4,0.2,OCT 02 2022,"$22,680,000"
1626192,Pat Connaughton,Bucks,Guard,6-5,209,USA,1993-01-06T00:00:00,7,41,417.0,18.5,5.9,3.3,1.2,0.5,0.3,OCT 01 2022,"$5,728,393"
1629076,Tyler Cook,Bulls,Forward,6-8,255,USA,1997-09-23T00:00:00,3,Undrafted,65.0,10.6,3.8,2.5,0.3,0.2,0.1,OCT 04 2022,
1630536,Sharife Cooper,Hawks,Guard,6-1,176,USA,2001-06-11T00:00:00,2,48,13.0,3.0,0.5,0.4,0.4,0.0,0.0,,
202326,DeMarcus Cousins,Nuggets,Center,6-10,270,USA,1990-08-13T00:00:00,12,5,654.0,29.8,19.6,10.2,3.0,1.3,1.1,,
203496,Robert Covington,Clippers,Forward,6-7,209,USA,1990-12-14T00:00:00,9,Undrafted,537.0,29.9,11.6,5.8,1.5,1.6,1.0,SEP 30 2022,"$12,307,692"
1628470,Torrey Craig,Suns,Forward,6-7,221,USA,1990-12-19T00:00:00,5,Undrafted,300.0,18.7,5.7,3.6,0.9,0.5,0.5,OCT 02 2022,"$5,121,951"
203109,Jae Crowder,Suns,Forward,6-6,235,USA,1990-07-06T00:00:00,10,34,735.0,25.3,9.6,4.3,1.6,1.0,0.3,OCT 02 2022,"$10,183,800"
1629633,Jarrett Culver,Grizzlies,Guard-Forward,6-6,195,USA,1999-02-20T00:00:00,3,6,134.0,17.5,6.6,2.7,1.2,0.7,0.4,OCT 01 2022,
1630595,Cade Cunningham,Pistons,Guard,6-6,220,USA,2001-09-25T00:00:00,1,1,64.0,32.6,17.4,5.5,5.6,1.2,0.7,OCT 04 2022,"$10,552,800"
203552,Seth Curry,Nets,Guard,6-2,185,USA,1990-08-23T00:00:00,8,Undrafted,377.0,25.2,11.3,2.2,2.2,0.7,0.1,OCT 03 2022,"$8,496,653"
201939,Stephen Curry,Warriors,Guard,6-2,185,USA,1988-03-14T00:00:00,13,7,826.0,34.3,24.3,4.6,6.5,1.7,0.2,SEP 30 2022,"$48,070,014"
203076,Anthony Davis,Lakers,Forward-Center,6-10,253,USA,1993-03-11T00:00:00,10,1,604.0,34.4,23.8,10.2,2.3,1.4,2.3,OCT 03 2022,"$37,980,720"
202334,Ed Davis,Cavaliers,Center-Forward,6-9,218,USA,1989-06-05T00:00:00,13,13,722.0,19.1,5.9,6.4,0.7,0.5,0.8,,
1629056,Terence Davis,Kings,Guard,6-4,201,USA,1997-05-16T00:00:00,3,Undrafted,163.0,17.3,8.5,3.0,1.5,0.7,0.2,OCT 03 2022,"$4,000,000"
201942,DeMar DeRozan,Bulls,Guard-Forward,6-6,220,USA,1989-08-07T00:00:00,13,9,957.0,34.3,20.8,4.4,3.9,1.0,0.3,OCT 04 2022,"$27,300,000"
203473,Dewayne Dedmon,Heat,Center,7-0,245,USA,1989-08-12T00:00:00,9,Undrafted,477.0,17.8,6.4,5.9,0.7,0.5,0.8,OCT 04 2022,"$7,566,667"
1628978,Donte DiVincenzo,Warriors,Guard,6-4,203,USA,1997-01-31T00:00:00,4,17,201.0,23.6,9.0,4.6,2.5,1.1,0.2,SEP 30 2022,"$4,500,000"
1628977,Hamidou Diallo,Pistons,Guard,6-5,202,USA,1998-07-31T00:00:00,4,45,207.0,18.9,8.4,3.9,1.1,0.8,0.3,OCT 04 2022,"$5,200,000"
203476,Gorgui Dieng,Spurs,Center,6-10,248,Senegal,1990-01-18T00:00:00,9,21,597.0,20.6,7.5,5.7,1.3,0.8,0.9,OCT 02 2022,"$1,836,090"
203915,Spencer Dinwiddie,Mavericks,Guard,6-6,215,USA,1993-04-06T00:00:00,8,38,387.0,26.4,13.0,3.0,5.0,0.7,0.3,OCT 05 2022,"$20,171,427"
1629029,Luka Doncic,Mavericks,Forward-Guard,6-7,230,Slovenia,1999-02-28T00:00:00,4,3,264.0,33.8,26.4,8.5,8.0,1.1,0.4,OCT 05 2022,"$37,096,500"
1629652,Luguentz Dort,Thunder,Guard,6-3,215,Canada,1999-04-19T00:00:00,3,Undrafted,139.0,29.0,13.3,3.5,1.5,0.9,0.3,OCT 03 2022,"$15,277,778"
1630245,Ayo Dosunmu,Bulls,Guard,6-4,200,USA,2000-01-17T00:00:00,1,38,77.0,27.4,8.8,2.8,3.3,0.8,0.4,OCT 04 2022,"$1,563,518"
201609,Goran Dragic,Bulls,Guard,6-3,190,Slovenia,1986-05-06T00:00:00,14,45,888.0,27.9,13.7,3.1,4.8,1.0,0.2,OCT 04 2022,
203083,Andre Drummond,Bulls,Center,6-10,279,USA,1993-08-10T00:00:00,10,9,718.0,29.6,13.8,13.3,1.4,1.4,1.5,OCT 04 2022,"$3,200,000"
1630537,Chris Duarte,Pacers,Guard,6-5,190,Dominican Republic,1997-06-13T00:00:00,1,13,55.0,28.0,13.1,4.1,2.1,1.0,0.2,OCT 05 2022,"$3,936,960"
1630561,David Duke Jr.,Nets,Guard,6-4,204,USA,1999-10-13T00:00:00,1,Undrafted,22.0,15.5,4.7,3.0,0.8,0.6,0.3,OCT 03 2022,
201142,Kevin Durant,Nets,Forward,6-10,240,USA,1988-09-29T00:00:00,14,2,939.0,36.8,27.2,7.1,4.3,1.1,1.1,OCT 03 2022,"$44,119,845"
1630162,Anthony Edwards,Timberwolves,Guard,6-4,225,USA,2001-08-05T00:00:00,2,1,144.0,33.2,20.3,4.7,3.4,1.3,0.6,OCT 04 2022,"$10,733,400"
1629035,Carsen Edwards,Celtics,Guard,5-11,200,USA,1998-03-12T00:00:00,4,33,72.0,9.8,3.7,1.1,0.7,0.3,0.1,,
1630556,Kessler Edwards,Nets,Forward,6-7,203,USA,2000-08-09T00:00:00,1,44,48.0,20.6,5.9,3.6,0.6,0.6,0.5,OCT 03 2022,"$1,637,966"
1629604,CJ Elleby,Timberwolves,Forward-Guard,6-6,200,USA,2000-06-16T00:00:00,2,46,88.0,15.5,4.6,2.9,1.1,0.5,0.3,OCT 04 2022,"$1,836,090"
201961,Wayne Ellington,Lakers,Guard,6-4,207,USA,1987-11-29T00:00:00,13,28,770.0,20.9,8.0,2.1,1.1,0.5,0.1,OCT 03 2022,
203954,Joel Embiid,76ers,Center-Forward,7-0,280,Cameroon,1994-03-16T00:00:00,6,3,328.0,31.2,26.0,11.4,3.3,0.9,1.7,OCT 03 2022,"$33,616,770"
202324,Derrick Favors,Thunder,Forward,6-9,265,USA,1991-07-15T00:00:00,12,3,790.0,24.3,10.6,7.1,1.1,0.7,1.2,OCT 03 2022,"$10,183,800"
1628981,Bruno Fernando,Rockets,Forward-Center,6-9,240,Angola,1998-08-15T00:00:00,3,34,119.0,9.2,3.2,2.8,0.6,0.2,0.3,OCT 02 2022,"$1,836,090"
1627827,Dorian Finney-Smith,Mavericks,Forward,6-7,220,USA,1993-05-04T00:00:00,6,Undrafted,394.0,27.3,8.2,4.5,1.4,0.8,0.4,OCT 05 2022,"$12,402,000"
1630238,Malik Fitts,Celtics,Forward,6-5,230,USA,1997-07-04T00:00:00,3,Undrafted,18.0,4.1,1.3,1.1,0.3,0.0,0.0,,"$555,217"
1630201,Malachi Flynn,Raptors,Guard,6-1,175,USA,1998-05-09T00:00:00,2,29,91.0,16.1,6.0,2.0,2.3,0.6,0.1,OCT 02 2022,"$2,145,720"
1627854,Bryn Forbes,Timberwolves,Guard,6-2,205,USA,1993-07-23T00:00:00,6,Undrafted,406.0,20.5,9.1,1.7,1.2,0.4,0.0,OCT 04 2022,"$1,836,090"
1630235,Trent Forrest,Hawks,Guard,6-4,210,USA,1998-06-12T00:00:00,2,Undrafted,90.0,11.9,3.1,1.6,1.7,0.4,0.1,OCT 06 2022,
203095,Evan Fournier,Knicks,Guard-Forward,6-6,205,France,1992-10-29T00:00:00,10,20,645.0,28.6,14.3,2.7,2.6,0.9,0.2,OCT 04 2022,"$18,000,000"
1628368,De'Aaron Fox,Kings,Guard,6-3,185,USA,1997-12-20T00:00:00,5,5,322.0,32.1,19.1,3.5,6.2,1.3,0.4,OCT 03 2022,"$30,351,780"
1628982,Melvin Frazier Jr.,Magic,Guard-Forward,6-5,215,USA,1996-08-30T00:00:00,4,35,32.0,9.1,2.7,0.9,0.2,0.3,0.1,,
1628365,Markelle Fultz,Magic,Guard,6-4,209,USA,1998-05-29T00:00:00,5,1,131.0,24.8,10.9,3.2,4.8,1.1,0.2,OCT 03 2022,"$16,500,000"
1629117,Wenyen Gabriel,Lakers,Forward,6-9,205,South Sudan,1997-03-26T00:00:00,3,Undrafted,77.0,10.8,3.6,2.6,0.4,0.3,0.3,OCT 03 2022,"$1,878,720"
1629655,Daniel Gafford,Wizards,Forward-Center,6-9,234,USA,1998-10-01T00:00:00,3,38,169.0,16.8,7.6,4.4,0.7,0.4,1.4,SEP 30 2022,"$1,930,681"
201568,Danilo Gallinari,Celtics,Forward,6-10,236,Italy,1988-08-08T00:00:00,13,6,728.0,29.9,15.6,4.8,1.9,0.7,0.4,OCT 02 2022,"$16,907,880"
1629636,Darius Garland,Cavaliers,Guard,6-1,192,USA,2000-01-26T00:00:00,3,5,181.0,33.4,17.4,2.6,6.3,1.1,0.1,OCT 05 2022,"$8,920,795"
1630586,Usman Garuba,Rockets,Forward,6-8,229,Spain,2002-03-09T00:00:00,1,23,24.0,10.0,2.0,3.5,0.7,0.4,0.5,OCT 02 2022,"$2,471,160"
1630568,Luka Garza,Timberwolves,Center,6-10,243,USA,1998-12-27T00:00:00,1,52,32.0,12.2,5.8,3.1,0.6,0.3,0.2,OCT 04 2022,
200752,Rudy Gay,Jazz,Forward-Guard,6-8,250,USA,1986-08-17T00:00:00,16,8,1064.0,31.7,16.3,5.8,2.1,1.1,0.7,OCT 02 2022,"$6,184,500"
202331,Paul George,Clippers,Forward,6-8,220,USA,1990-05-02T00:00:00,12,10,737.0,33.6,20.4,6.4,3.6,1.7,0.4,SEP 30 2022,"$42,492,492"
201959,Taj Gibson,Wizards,Forward,6-9,232,USA,1985-06-24T00:00:00,13,26,896.0,24.5,9.0,6.1,1.0,0.6,1.0,SEP 30 2022,"$1,836,090"
1630581,Josh Giddey,Thunder,Guard,6-8,205,Australia,2002-10-10T00:00:00,1,6,54.0,31.5,12.5,7.8,6.4,0.9,0.4,OCT 03 2022,"$6,287,400"
1628983,Shai Gilgeous-Alexander,Thunder,Guard,6-6,180,Canada,1998-07-12T00:00:00,4,11,243.0,31.8,18.2,4.5,4.3,1.1,0.7,OCT 03 2022,"$30,913,750"
1630264,Anthony Gill,Wizards,Forward,6-7,230,USA,1992-10-17T00:00:00,2,Undrafted,70.0,9.7,3.7,1.9,0.5,0.2,0.2,SEP 30 2022,"$1,836,090"
203497,Rudy Gobert,Timberwolves,Center,7-1,258,France,1992-06-26T00:00:00,9,27,611.0,30.0,12.4,11.7,1.3,0.7,2.2,OCT 04 2022,"$38,172,414"
1629164,Brandon Goodwin,Cavaliers,Guard,6-0,180,USA,1995-10-02T00:00:00,5,Undrafted,133.0,12.1,4.7,1.6,1.9,0.4,0.0,,
203932,Aaron Gordon,Nuggets,Forward,6-8,235,USA,1995-09-16T00:00:00,8,4,528.0,28.9,13.0,6.3,2.5,0.7,0.6,OCT 03 2022,"$19,690,909"
201569,Eric Gordon,Rockets,Guard,6-3,215,USA,1988-12-25T00:00:00,14,7,749.0,32.4,16.4,2.4,2.8,0.9,0.3,OCT 02 2022,"$19,568,360"
1628984,Devonte' Graham,Pelicans,Guard,6-1,195,USA,1995-02-22T00:00:00,4,34,240.0,27.9,12.8,2.5,5.0,0.9,0.1,OCT 04 2022,"$11,550,000"
203924,Jerami Grant,Trail Blazers,Forward,6-8,210,USA,1994-03-12T00:00:00,8,39,555.0,26.0,11.4,3.9,1.3,0.6,1.1,OCT 03 2022,"$20,955,000"
201980,Danny Green,Grizzlies,Guard,6-6,215,USA,1987-06-22T00:00:00,13,46,819.0,25.3,8.7,3.4,1.6,1.0,0.8,OCT 01 2022,"$10,000,000"
203110,Draymond Green,Warriors,Forward,6-6,230,USA,1990-03-04T00:00:00,10,35,685.0,28.5,8.7,6.9,5.4,1.4,1.0,SEP 30 2022,"$25,806,468"
203210,JaMychal Green,Warriors,Forward-Center,6-8,227,USA,1990-06-21T00:00:00,8,Undrafted,487.0,20.8,7.9,5.7,0.9,0.6,0.4,SEP 30 2022,"$10,036,090"
1630224,Jalen Green,Rockets,Guard,6-4,186,USA,2002-02-09T00:00:00,1,2,67.0,31.9,17.3,3.4,2.6,0.7,0.3,OCT 02 2022,"$9,441,840"
1629750,Javonte Green,Bulls,Guard-Forward,6-5,205,USA,1993-07-23T00:00:00,3,Undrafted,154.0,16.0,5.0,2.9,0.7,0.8,0.3,OCT 04 2022,"$1,815,677"
201145,Jeff Green,Nuggets,Forward,6-8,235,USA,1986-08-28T00:00:00,14,5,1051.0,29.0,12.6,4.3,1.5,0.7,0.5,OCT 03 2022,"$4,500,000"
1630182,Josh Green,Mavericks,Guard,6-5,200,Australia,2000-11-16T00:00:00,2,18,106.0,14.0,4.0,2.3,1.0,0.6,0.2,OCT 05 2022,"$3,098,400"
201933,Blake Griffin,Nets,Forward,6-9,250,USA,1989-03-16T00:00:00,12,1,724.0,32.9,19.8,8.2,4.1,0.8,0.5,OCT 03 2022,
1629656,Quentin Grimes,Knicks,Guard,6-4,210,USA,2000-05-08T00:00:00,1,25,46.0,17.1,6.0,2.0,1.0,0.7,0.2,OCT 04 2022,"$2,277,000"
1629060,Rui Hachimura,Wizards,Forward,6-8,230,Japan,1998-02-08T00:00:00,3,9,147.0,28.5,13.0,5.2,1.5,0.7,0.2,SEP 30 2022,"$6,263,188"
1630169,Tyrese Haliburton,Pacers,Guard,6-5,185,USA,2000-02-29T00:00:00,2,12,135.0,32.9,14.3,3.6,6.9,1.6,0.6,OCT 05 2022,"$4,215,120"
1630181,R.J. Hampton,Magic,Guard,6-4,175,USA,2001-02-07T00:00:00,2,24,115.0,19.9,7.3,3.2,2.1,0.5,0.2,OCT 03 2022,"$2,412,840"
203501,Tim Hardaway Jr.,Mavericks,Guard-Forward,6-5,205,USA,1992-03-16T00:00:00,9,24,586.0,27.0,13.9,2.8,1.9,0.6,0.1,OCT 05 2022,"$19,602,273"
201935,James Harden,76ers,Guard,6-5,220,USA,1989-08-26T00:00:00,13,3,942.0,34.6,24.9,5.6,6.8,1.5,0.5,OCT 03 2022,"$33,000,000"
203090,Maurice Harkless,Hawks,Forward-Guard,6-7,220,USA,1993-05-11T00:00:00,10,15,621.0,22.6,6.9,3.5,0.9,0.9,0.6,OCT 06 2022,"$4,564,980"
1629607,Jared Harper,Pelicans,Guard,5-10,175,USA,1997-09-14T00:00:00,3,Undrafted,16.0,4.2,2.6,0.3,0.9,0.3,0.1,OCT 04 2022,
1626149,Montrezl Harrell,Hornets,Forward-Center,6-7,240,USA,1994-01-26T00:00:00,7,32,458.0,21.5,12.9,5.3,1.4,0.6,0.8,OCT 02 2022,
203914,Gary Harris,Magic,Guard,6-4,210,USA,1994-09-14T00:00:00,8,19,468.0,28.8,11.8,2.5,2.1,1.2,0.2,OCT 03 2022,"$13,000,000"
203925,Joe Harris,Nets,Guard-Forward,6-6,220,USA,1991-09-06T00:00:00,8,33,414.0,25.6,11.1,3.2,1.6,0.5,0.2,OCT 03 2022,"$18,642,857"
202699,Tobias Harris,76ers,Forward,6-7,226,USA,1992-07-15T00:00:00,11,19,753.0,31.4,16.4,6.2,2.3,0.7,0.5,OCT 03 2022,"$37,633,050"
1628404,Josh Hart,Trail Blazers,Guard,6-5,215,USA,1995-03-06T00:00:00,5,30,296.0,27.3,9.9,5.7,2.1,0.9,0.4,OCT 03 2022,"$12,960,000"
1628392,Isaiah Hartenstein,Knicks,Center-Forward,7-0,250,Germany,1998-05-05T00:00:00,4,43,165.0,13.7,5.8,3.9,1.5,0.5,0.8,OCT 04 2022,"$7,804,879"
2617,Udonis Haslem,Heat,Forward,6-8,235,USA,1980-06-09T00:00:00,19,Undrafted,872.0,24.8,7.5,6.6,0.8,0.5,0.3,OCT 04 2022,
1630573,Sam Hauser,Celtics,Forward,6-7,217,USA,1997-12-08T00:00:00,1,Undrafted,26.0,6.1,2.5,1.1,0.4,0.0,0.1,OCT 02 2022,"$1,637,966"
1629637,Jaxson Hayes,Pelicans,Center-Forward,6-11,220,USA,2000-05-23T00:00:00,3,8,194.0,17.7,8.1,4.3,0.7,0.4,0.8,OCT 04 2022,"$6,803,012"
1630165,Killian Hayes,Pistons,Guard,6-5,195,France,2001-07-27T00:00:00,2,7,92.0,25.2,6.8,3.0,4.5,1.1,0.5,OCT 04 2022,"$5,837,760"
202330,Gordon Hayward,Hornets,Forward,6-7,225,USA,1990-03-23T00:00:00,12,9,734.0,31.1,15.6,4.5,3.5,1.0,0.4,OCT 02 2022,"$30,075,000"
1627823,Juancho Hernangomez,Raptors,Forward,6-9,214,Spain,1995-09-28T00:00:00,6,15,297.0,15.7,5.4,3.4,0.6,0.4,0.2,OCT 02 2022,"$1,836,090"
1626195,Willy Hernangomez,Pelicans,Center-Forward,6-11,250,Spain,1994-05-27T00:00:00,6,35,306.0,15.3,7.4,5.9,1.1,0.4,0.4,OCT 04 2022,"$2,443,581"
1629639,Tyler Herro,Heat,Guard,6-5,195,USA,2000-01-20T00:00:00,3,13,175.0,30.3,16.7,4.7,3.2,0.6,0.2,OCT 04 2022,"$5,722,116"
1627741,Buddy Hield,Pacers,Guard,6-4,220,Bahamas,1992-12-17T00:00:00,6,6,468.0,29.2,15.9,4.3,2.5,0.8,0.3,OCT 05 2022,"$21,177,750"
1629312,Haywood Highsmith,Heat,Forward,6-4,220,USA,1996-12-09T00:00:00,2,,24.0,8.5,2.2,1.3,0.3,0.1,0.1,OCT 04 2022,"$1,752,638"
201588,George Hill,Bucks,Guard,6-4,188,USA,1986-05-04T00:00:00,14,26,869.0,27.2,10.7,3.0,3.1,0.9,0.3,OCT 01 2022,"$4,000,000"
1630792,Malcolm Hill,Bulls,Forward,6-6,220,USA,1995-10-26T00:00:00,1,Undrafted,19.0,11.2,3.8,1.8,0.4,0.4,0.2,OCT 04 2022,
1630207,Nate Hinton,Pacers,Guard-Forward,6-5,210,USA,1999-06-08T00:00:00,3,Undrafted,23.0,4.2,1.8,0.4,0.3,0.3,0.1,,
1628988,Aaron Holiday,Hawks,Guard,6-0,185,USA,1996-09-30T00:00:00,4,23,245.0,18.2,7.3,1.8,2.4,0.7,0.2,OCT 06 2022,"$1,836,090"
201950,Jrue Holiday,Bucks,Guard,6-3,205,USA,1990-06-12T00:00:00,13,17,839.0,33.2,16.2,4.0,6.4,1.5,0.5,OCT 01 2022,"$33,665,040"
203200,Justin Holiday,Hawks,Forward-Guard,6-6,180,USA,1989-04-05T00:00:00,9,Undrafted,576.0,24.6,8.7,3.0,1.5,1.0,0.4,OCT 06 2022,"$6,292,440"
1626158,Richaun Holmes,Kings,Forward,6-10,235,USA,1993-10-15T00:00:00,7,37,376.0,21.1,9.6,5.8,1.1,0.6,1.1,OCT 03 2022,"$11,215,260"
203918,Rodney Hood,Clippers,Guard-Forward,6-8,208,USA,1992-10-20T00:00:00,8,23,448.0,24.5,10.4,2.6,1.6,0.7,0.2,SEP 30 2022,
201143,Al Horford,Celtics,Center-Forward,6-9,240,Dominican Republic,1986-06-03T00:00:00,15,3,950.0,32.2,13.7,8.2,3.3,0.8,1.2,OCT 02 2022,"$26,500,000"
1629659,Talen Horton-Tucker,Jazz,Guard,6-4,234,USA,2000-11-25T00:00:00,3,46,131.0,22.1,9.3,2.8,2.6,1.0,0.4,OCT 02 2022,"$10,260,000"
1627863,Danuel House Jr.,76ers,Forward-Guard,6-6,220,USA,1993-06-07T00:00:00,6,Undrafted,204.0,24.4,8.5,3.6,1.3,0.7,0.4,OCT 03 2022,"$4,105,000"
2730,Dwight Howard,Lakers,Center-Forward,6-10,265,USA,1985-12-08T00:00:00,18,1,1242.0,31.8,15.7,11.8,1.3,0.9,1.8,OCT 03 2022,
1630210,Markus Howard,Nuggets,Guard,5-10,175,USA,1999-03-03T00:00:00,3,Undrafted,68.0,5.6,3.4,0.5,0.4,0.2,0.0,,
1628989,Kevin Huerter,Kings,Guard-Forward,6-7,198,USA,1998-08-27T00:00:00,4,19,274.0,29.6,11.4,3.5,3.2,0.9,0.4,OCT 03 2022,"$14,508,929"
1630190,Elijah Hughes,Trail Blazers,Guard,6-5,215,USA,1998-03-10T00:00:00,2,39,54.0,9.2,2.9,1.2,0.5,0.3,0.2,OCT 03 2022,
1630624,Feron Hunt,Knicks,Forward,6-8,195,USA,1999-07-05T00:00:00,1,Undrafted,2.0,4.2,0.0,0.5,0.5,0.5,0.0,OCT 04 2022,
1629631,De'Andre Hunter,Hawks,Forward-Guard,6-8,221,USA,1997-12-02T00:00:00,3,4,139.0,30.7,13.2,4.1,1.6,0.7,0.4,OCT 06 2022,"$9,835,881"
1630538,Bones Hyland,Nuggets,Guard,6-2,169,USA,2000-09-14T00:00:00,1,26,69.0,19.0,10.1,2.7,2.8,0.6,0.3,OCT 03 2022,"$2,201,520"
201586,Serge Ibaka,Bucks,Forward,6-10,235,Republic of the Congo,1989-09-18T00:00:00,13,24,903.0,27.6,12.1,7.2,0.8,0.4,1.9,OCT 01 2022,"$1,836,090"
2738,Andre Iguodala,Warriors,Guard-Forward,6-6,215,USA,1984-01-28T00:00:00,18,9,1223.0,32.2,11.4,4.9,4.2,1.4,0.5,SEP 30 2022,
204060,Joe Ingles,Bucks,Forward-Guard,6-8,220,Australia,1987-10-02T00:00:00,8,Undrafted,590.0,25.7,8.6,3.2,3.8,0.9,0.2,OCT 01 2022,"$6,479,000"
1627742,Brandon Ingram,Pelicans,Forward,6-8,190,USA,1997-09-02T00:00:00,6,2,368.0,32.8,18.5,5.2,3.8,0.7,0.6,OCT 04 2022,"$31,650,600"
202681,Kyrie Irving,Nets,Guard,6-2,195,Australia,1992-03-23T00:00:00,11,1,611.0,34.0,23.1,3.8,5.7,1.3,0.4,OCT 03 2022,"$36,934,550"
1628371,Jonathan Isaac,Magic,Forward,6-10,230,USA,1997-10-03T00:00:00,3,6,136.0,25.8,9.3,5.4,1.1,1.1,1.5,OCT 03 2022,"$17,400,000"
1628402,Frank Jackson,Pistons,Guard,6-3,205,USA,1998-05-04T00:00:00,4,31,213.0,18.2,8.5,1.8,1.0,0.4,0.1,OCT 04 2022,
1630543,Isaiah Jackson,Pacers,Forward,6-10,205,USA,2002-01-10T00:00:00,1,22,36.0,15.0,8.3,4.1,0.3,0.7,1.4,OCT 05 2022,"$2,573,760"
1628367,Josh Jackson,Kings,Guard-Forward,6-8,207,USA,1997-02-10T00:00:00,5,4,291.0,23.1,11.3,4.0,1.8,0.9,0.6,OCT 03 2022,
202704,Reggie Jackson,Clippers,Guard,6-2,208,USA,1990-04-16T00:00:00,11,24,703.0,25.6,13.1,3.0,4.3,0.7,0.1,SEP 30 2022,"$11,215,260"
1628991,Jaren Jackson Jr.,Grizzlies,Forward-Center,6-11,242,USA,1999-09-15T00:00:00,4,4,204.0,27.1,15.8,5.1,1.2,0.9,1.8,OCT 01 2022,"$28,946,605"
2544,LeBron James,Lakers,Forward,6-9,250,USA,1984-12-30T00:00:00,19,1,1366.0,38.2,27.1,7.5,7.4,1.6,0.8,OCT 03 2022,"$44,474,988"
1629660,Ty Jerome,Thunder,Guard-Forward,6-5,195,USA,1997-07-08T00:00:00,3,24,112.0,17.1,7.1,1.9,2.4,0.6,0.1,OCT 03 2022,"$4,220,057"
1630198,Isaiah Joe,76ers,Guard,6-4,165,USA,1999-07-02T00:00:00,2,49,96.0,10.3,3.7,1.0,0.6,0.3,0.1,OCT 03 2022,"$1,782,621"
1629661,Cameron Johnson,Suns,Forward,6-8,210,USA,1996-03-03T00:00:00,3,11,183.0,24.2,10.4,3.6,1.4,0.7,0.3,OCT 02 2022,"$5,887,899"
1630525,David Johnson,Raptors,Guard,6-4,203,USA,2001-02-26T00:00:00,1,47,2.0,1.0,0.0,0.0,0.0,0.0,0.0,OCT 02 2022,
1630552,Jalen Johnson,Hawks,Forward,6-8,219,USA,2001-12-18T00:00:00,1,20,22.0,5.5,2.4,1.2,0.1,0.1,0.1,OCT 06 2022,"$2,792,640"
1629640,Keldon Johnson,Spurs,Forward-Guard,6-6,220,USA,1999-10-11T00:00:00,3,29,161.0,28.9,14.4,5.8,1.8,0.7,0.2,OCT 02 2022,"$3,873,025"
1630553,Keon Johnson,Trail Blazers,Guard,6-4,185,USA,2002-03-10T00:00:00,1,21,37.0,18.8,7.2,2.2,2.1,0.8,0.3,OCT 03 2022,"$2,681,040"
1626169,Stanley Johnson,Jazz,Forward-Guard,6-6,242,USA,1996-05-29T00:00:00,7,8,419.0,20.1,6.3,3.1,1.5,0.9,0.2,OCT 02 2022,"$2,351,521"
203999,Nikola Jokic,Nuggets,Center,6-11,284,Serbia,1995-02-19T00:00:00,7,41,527.0,30.4,19.7,10.4,6.2,1.2,0.7,OCT 03 2022,"$33,047,803"
1627745,Damian Jones,Lakers,Center,6-11,245,USA,1995-06-30T00:00:00,6,30,199.0,15.2,5.6,3.4,0.8,0.4,0.7,OCT 03 2022,"$2,298,385"
1630529,Herbert Jones,Pelicans,Forward,6-7,206,USA,1998-10-06T00:00:00,1,35,78.0,29.9,9.5,3.8,2.1,1.7,0.8,OCT 04 2022,"$1,785,000"
1630539,Kai Jones,Hornets,Center-Forward,6-10,221,Bahamas,2001-01-19T00:00:00,1,19,21.0,3.0,1.0,0.5,0.2,0.0,0.1,OCT 02 2022,"$2,909,040"
1630222,Mason Jones,Lakers,Guard,6-4,200,USA,1998-07-21T00:00:00,3,Undrafted,36.0,10.7,5.4,1.8,1.3,0.3,0.0,,
1630200,Tre Jones,Spurs,Guard,6-1,185,USA,2000-01-08T00:00:00,2,41,106.0,13.4,4.8,1.7,2.6,0.5,0.1,OCT 02 2022,"$1,782,621"
1626145,Tyus Jones,Grizzlies,Guard,6-0,196,USA,1996-05-10T00:00:00,7,24,455.0,18.4,6.2,1.8,3.7,1.0,0.1,OCT 01 2022,"$15,000,000"
1627884,Derrick Jones Jr.,Bulls,Forward,6-6,210,USA,1997-02-15T00:00:00,6,Undrafted,280.0,19.8,6.5,3.4,0.7,0.7,0.7,OCT 04 2022,"$3,200,000"
201599,DeAndre Jordan,Nuggets,Center,6-11,265,USA,1988-07-21T00:00:00,14,35,980.0,26.7,9.1,10.3,1.0,0.5,1.5,OCT 03 2022,"$9,663,997"
202709,Cory Joseph,Pistons,Guard,6-3,200,Canada,1991-08-20T00:00:00,11,29,728.0,22.2,7.1,2.6,3.0,0.8,0.2,OCT 04 2022,"$5,155,500"
1628379,Luke Kennard,Clippers,Guard,6-5,206,USA,1996-06-24T00:00:00,5,12,297.0,23.5,10.0,2.9,2.0,0.5,0.1,SEP 30 2022,"$14,415,545"
1630296,Braxton Key,Pistons,Forward,6-8,225,USA,1997-02-14T00:00:00,1,Undrafted,11.0,17.9,7.2,4.5,1.0,0.9,1.0,OCT 04 2022,
1630557,Corey Kispert,Wizards,Forward,6-6,224,USA,1999-03-03T00:00:00,1,15,77.0,23.4,8.2,2.7,1.1,0.5,0.3,SEP 30 2022,"$3,552,840"
1628467,Maxi Kleber,Mavericks,Forward,6-10,240,Germany,1992-01-29T00:00:00,5,Undrafted,326.0,22.7,7.1,4.8,1.1,0.4,0.9,OCT 05 2022,"$9,000,000"
1630233,Nathan Knight,Timberwolves,Forward-Center,6-10,253,USA,1997-09-20T00:00:00,2,Undrafted,70.0,7.8,3.7,2.2,0.4,0.2,0.3,OCT 04 2022,"$1,836,090"
1628995,Kevin Knox II,Pistons,Forward,6-7,215,USA,1999-08-11T00:00:00,4,9,212.0,18.9,7.7,2.9,0.8,0.4,0.3,OCT 04 2022,
1629723,John Konchar,Grizzlies,Guard,6-5,210,USA,1996-03-22T00:00:00,3,Undrafted,134.0,15.3,4.4,3.8,1.3,0.6,0.3,OCT 01 2022,"$2,300,000"
1627788,Furkan Korkmaz,76ers,Guard-Forward,6-7,202,Turkey,1997-07-24T00:00:00,5,26,256.0,18.7,7.9,2.2,1.3,0.6,0.1,OCT 03 2022,"$5,000,000"
1628436,Luke Kornet,Celtics,Center-Forward,7-2,250,USA,1995-07-15T00:00:00,5,Undrafted,148.0,14.3,5.5,2.6,1.0,0.3,0.8,OCT 02 2022,"$2,133,278"
1630249,Vit Krejci,Thunder,Guard,6-8,195,Czech Republic,2000-06-19T00:00:00,1,37,30.0,23.0,6.2,3.4,1.9,0.6,0.3,OCT 03 2022,"$1,563,518"
1629083,Arnoldas Kulboka,Hornets,Forward,6-10,209,Lithuania,1998-01-04T00:00:00,1,55,2.0,2.7,0.0,0.0,0.0,0.0,0.0,OCT 02 2022,
1630228,Jonathan Kuminga,Warriors,Forward,6-7,225,DRC,2002-10-06T00:00:00,1,7,70.0,16.9,9.3,3.3,0.9,0.4,0.3,SEP 30 2022,"$5,739,840"
1628398,Kyle Kuzma,Wizards,Forward,6-9,221,USA,1995-07-24T00:00:00,5,27,342.0,30.4,15.6,6.2,2.2,0.6,0.5,SEP 30 2022,"$13,000,000"
203897,Zach LaVine,Bulls,Guard-Forward,6-5,200,USA,1995-03-10T00:00:00,8,13,478.0,31.8,19.8,3.9,3.9,0.9,0.3,OCT 04 2022,"$37,096,500"
1630237,Anthony Lamb,Rockets,Forward,6-6,227,USA,1998-01-20T00:00:00,2,Undrafted,26.0,16.3,5.1,2.7,1.0,0.2,0.2,OCT 02 2022,
203087,Jeremy Lamb,Kings,Guard-Forward,6-5,180,USA,1992-05-30T00:00:00,10,12,573.0,20.8,10.1,3.6,1.6,0.7,0.4,OCT 03 2022,
1629111,Jock Landale,Suns,Center,6-11,255,Australia,1995-10-25T00:00:00,1,Undrafted,54.0,10.9,4.9,2.6,0.8,0.2,0.3,OCT 02 2022,"$1,563,518"
1629641,Romeo Langford,Spurs,Guard-Forward,6-5,216,USA,1999-10-25T00:00:00,3,14,98.0,14.5,3.6,1.9,0.5,0.4,0.3,OCT 02 2022,"$5,634,257"
1627774,Jake Layman,Timberwolves,Forward,6-8,209,USA,1994-03-07T00:00:00,6,47,243.0,12.8,4.8,1.7,0.5,0.4,0.3,OCT 04 2022,
1627747,Caris LeVert,Cavaliers,Guard,6-6,205,USA,1994-08-25T00:00:00,6,20,318.0,27.5,14.6,3.8,4.0,1.1,0.3,OCT 05 2022,"$18,796,296"
1627814,Damion Lee,Suns,Guard-Forward,6-5,210,USA,1992-10-21T00:00:00,5,Undrafted,216.0,21.0,8.2,3.5,1.4,0.7,0.1,OCT 02 2022,"$1,836,090"
1630240,Saben Lee,Pistons,Guard,6-2,183,USA,1999-06-23T00:00:00,2,38,85.0,16.3,5.6,2.2,3.3,0.8,0.3,OCT 04 2022,"$1,752,638"
203458,Alex Len,Kings,Center,7-0,250,Ukraine,1993-06-16T00:00:00,9,5,570.0,18.9,7.7,5.9,0.9,0.4,1.0,OCT 03 2022,"$3,918,600"
202695,Kawhi Leonard,Clippers,Forward,6-7,225,USA,1991-06-29T00:00:00,10,15,576.0,31.3,19.2,6.4,2.9,1.8,0.6,SEP 30 2022,"$42,492,492"
1630575,Scottie Lewis,Hornets,Guard,6-5,185,USA,2000-03-12T00:00:00,1,56,2.0,3.3,0.5,0.0,0.5,0.5,0.0,OCT 02 2022,
1630184,Kira Lewis Jr.,Pelicans,Guard,6-1,170,USA,2001-04-06T00:00:00,2,13,78.0,16.0,6.2,1.4,2.2,0.6,0.1,OCT 04 2022,"$4,004,280"
203081,Damian Lillard,Trail Blazers,Guard,6-2,195,USA,1990-07-15T00:00:00,10,6,711.0,36.3,24.6,4.2,6.6,1.0,0.3,OCT 03 2022,"$42,492,492"
1629642,Nassir Little,Trail Blazers,Forward-Guard,6-5,220,USA,2000-02-11T00:00:00,3,25,138.0,16.7,5.8,3.4,0.7,0.3,0.5,OCT 03 2022,"$4,171,548"
1630587,Isaiah Livers,Pistons,Forward,6-6,232,USA,1998-07-28T00:00:00,1,42,19.0,20.2,6.4,3.0,1.1,0.7,0.4,OCT 04 2022,"$1,563,518"
1626172,Kevon Looney,Warriors,Forward,6-9,222,USA,1996-02-06T00:00:00,7,30,367.0,16.4,4.7,4.8,1.4,0.5,0.6,SEP 30 2022,"$8,000,000"
201572,Brook Lopez,Bucks,Center,7-0,282,USA,1988-04-01T00:00:00,14,10,868.0,30.2,16.4,6.2,1.4,0.6,1.8,OCT 01 2022,"$13,906,976"
201577,Robin Lopez,Cavaliers,Center,7-0,281,USA,1988-04-01T00:00:00,14,15,939.0,21.9,8.7,4.9,0.8,0.2,1.1,OCT 05 2022,"$1,836,090"
1629712,Didi Louzada,Trail Blazers,Guard,6-5,188,Brazil,1999-07-02T00:00:00,3,35,12.0,15.5,3.6,1.7,0.7,0.3,0.2,,"$268,032"
201567,Kevin Love,Cavaliers,Forward-Center,6-8,251,USA,1988-09-07T00:00:00,14,5,812.0,30.9,17.6,10.7,2.4,0.7,0.4,OCT 05 2022,"$28,942,830"
200768,Kyle Lowry,Heat,Guard,6-0,196,USA,1986-03-25T00:00:00,16,24,1023.0,31.9,14.8,4.4,6.3,1.3,0.3,OCT 04 2022,"$28,333,334"
1630994,Gabriel Lundberg,Suns,Guard,6-4,203,Denmark,1994-12-04T00:00:00,1,Undrafted,4.0,11.1,3.3,1.8,2.8,0.8,0.0,OCT 02 2022,
1627789,Timothe Luwawu-Cabarrot,Hawks,Guard-Forward,6-7,215,France,1995-05-09T00:00:00,6,24,328.0,16.0,5.9,2.0,0.9,0.4,0.1,OCT 06 2022,
1626168,Trey Lyles,Kings,Forward,6-9,234,Canada,1995-11-05T00:00:00,7,12,449.0,18.3,7.8,4.3,1.1,0.4,0.3,OCT 03 2022,"$2,625,000"
1630177,Theo Maledon,Thunder,Guard,6-4,175,France,2001-06-12T00:00:00,2,34,116.0,23.2,8.8,2.9,2.9,0.8,0.2,OCT 03 2022,"$1,900,000"
1630572,Sandro Mamukelashvili,Bucks,Forward-Center,6-9,240,Georgia,1999-05-23T00:00:00,1,54,41.0,9.9,3.8,2.0,0.5,0.2,0.2,OCT 01 2022,
1629611,Terance Mann,Clippers,Guard-Forward,6-5,215,USA,1996-10-18T00:00:00,3,48,189.0,20.9,7.6,3.8,1.9,0.5,0.2,SEP 30 2022,"$1,930,681"
1630544,Tre Mann,Thunder,Guard,6-3,178,USA,2001-02-03T00:00:00,1,18,60.0,22.8,10.4,2.9,1.5,0.8,0.2,OCT 03 2022,"$3,046,200"
1626246,Boban Marjanovic,Rockets,Center,7-3,290,Serbia,1988-08-15T00:00:00,7,Undrafted,286.0,9.2,5.9,3.8,0.5,0.2,0.3,OCT 02 2022,"$3,500,000"
1628374,Lauri Markkanen,Cavaliers,Forward-Center,6-11,240,Finland,1997-05-22T00:00:00,5,7,282.0,29.7,15.4,6.8,1.3,0.7,0.5,OCT 05 2022,"$16,475,454"
1630230,Naji Marshall,Pelicans,Forward,6-7,220,USA,1998-01-24T00:00:00,2,Undrafted,87.0,16.5,6.4,3.3,1.7,0.7,0.2,OCT 04 2022,"$1,782,621"
1628997,Caleb Martin,Heat,Forward,6-5,205,USA,1995-09-28T00:00:00,3,Undrafted,131.0,19.1,7.1,3.1,1.2,0.8,0.4,OCT 04 2022,"$6,479,000"
1628998,Cody Martin,Hornets,Forward,6-6,205,USA,1995-09-28T00:00:00,3,36,171.0,21.2,5.8,3.5,2.1,1.0,0.3,OCT 02 2022,"$7,000,000"
1630231,Kenyon Martin Jr.,Rockets,Forward,6-5,215,USA,2001-01-06T00:00:00,2,52,124.0,22.0,9.0,4.3,1.2,0.5,0.7,OCT 02 2022,"$1,782,621"
1629726,Garrison Mathews,Rockets,Guard,6-5,215,USA,1996-10-24T00:00:00,3,Undrafted,147.0,20.3,7.5,2.0,0.7,0.6,0.2,OCT 02 2022,"$2,000,000"
202083,Wesley Matthews,Bucks,Guard,6-4,220,USA,1986-10-14T00:00:00,13,Undrafted,898.0,30.5,12.2,2.9,2.0,1.0,0.2,OCT 01 2022,"$1,836,090"
1630178,Tyrese Maxey,76ers,Guard,6-2,200,USA,2000-11-04T00:00:00,2,21,136.0,26.4,13.2,2.5,3.2,0.6,0.3,OCT 03 2022,"$2,726,880"
1630219,Skylar Mays,Hawks,Guard,6-4,205,USA,1997-09-05T00:00:00,2,50,61.0,8.0,3.3,1.0,0.8,0.3,0.0,OCT 06 2022,
1630540,Miles McBride,Knicks,Guard,6-1,195,USA,2000-09-08T00:00:00,1,36,40.0,9.3,2.2,1.1,1.0,0.4,0.0,OCT 04 2022,"$1,563,518"
1630644,Mac McClung,Warriors,Guard,6-2,185,USA,1999-01-06T00:00:00,1,Undrafted,2.0,12.2,4.0,1.5,0.5,0.5,0.5,SEP 30 2022,"$1,637,966"
203468,CJ McCollum,Pelicans,Guard,6-3,190,USA,1991-09-19T00:00:00,9,10,590.0,31.6,19.2,3.5,3.5,0.9,0.4,OCT 04 2022,"$33,333,333"
204456,T.J. McConnell,Pacers,Guard,6-1,190,USA,1992-03-25T00:00:00,7,,481.0,22.2,6.9,3.0,5.0,1.3,0.2,OCT 05 2022,"$8,100,000"
1630183,Jaden McDaniels,Timberwolves,Forward,6-9,185,USA,2000-09-29T00:00:00,2,28,133.0,24.9,8.1,3.9,1.1,0.7,0.9,OCT 04 2022,"$2,161,440"
1629667,Jalen McDaniels,Hornets,Forward-Center,6-9,205,USA,1998-01-31T00:00:00,3,52,118.0,17.7,6.6,3.4,1.1,0.5,0.4,OCT 02 2022,"$1,930,681"
203926,Doug McDermott,Spurs,Forward,6-7,225,USA,1992-01-03T00:00:00,8,11,527.0,20.9,9.2,2.3,0.9,0.2,0.1,OCT 02 2022,"$13,750,000"
201580,JaVale McGee,Mavericks,Center-Forward,7-0,270,USA,1988-01-19T00:00:00,14,18,821.0,17.0,8.0,5.3,0.4,0.4,1.5,OCT 05 2022,"$5,461,219"
203585,Rodney McGruder,Pistons,Guard,6-4,205,USA,1991-07-29T00:00:00,6,Undrafted,285.0,19.8,5.8,2.8,1.2,0.5,0.2,OCT 04 2022,"$1,836,090"
1629162,Jordan McLaughlin,Timberwolves,Guard,5-11,185,USA,1996-04-09T00:00:00,3,Undrafted,143.0,17.0,5.0,1.8,3.5,1.0,0.1,OCT 04 2022,"$2,160,000"
203463,Ben McLemore,Trail Blazers,Guard,6-3,195,USA,1993-02-11T00:00:00,9,7,556.0,22.5,9.0,2.3,1.0,0.6,0.2,OCT 03 2022,
1629001,De'Anthony Melton,76ers,Guard,6-2,200,USA,1998-05-28T00:00:00,4,46,235.0,20.7,8.4,3.6,2.8,1.3,0.5,OCT 03 2022,"$8,250,000"
1629002,Chimezie Metu,Kings,Forward-Center,6-9,225,USA,1997-03-22T00:00:00,4,49,143.0,14.1,6.1,3.6,0.8,0.5,0.4,OCT 03 2022,"$1,910,860"
203114,Khris Middleton,Bucks,Forward,6-7,222,USA,1991-08-12T00:00:00,10,39,651.0,31.8,17.1,4.9,3.8,1.2,0.2,OCT 01 2022,"$37,948,276"
201988,Patty Mills,Nets,Guard,6-0,180,Australia,1988-08-11T00:00:00,13,55,820.0,20.7,9.2,1.7,2.3,0.7,0.1,OCT 03 2022,"$6,479,000"
200794,Paul Millsap,76ers,Forward,6-7,257,USA,1985-02-10T00:00:00,16,47,1085.0,28.1,13.4,7.1,2.2,1.2,1.0,OCT 03 2022,
1629003,Shake Milton,76ers,Guard-Forward,6-5,205,USA,1996-09-26T00:00:00,4,54,178.0,20.9,9.7,2.3,2.6,0.5,0.3,OCT 03 2022,"$1,997,718"
1630558,Davion Mitchell,Kings,Guard,6-0,202,USA,1998-09-05T00:00:00,1,9,75.0,27.7,11.5,2.2,4.2,0.7,0.3,OCT 03 2022,"$4,833,600"
1628378,Donovan Mitchell,Jazz,Guard,6-1,215,USA,1996-09-07T00:00:00,5,13,345.0,33.7,23.9,4.2,4.5,1.3,0.3,OCT 02 2022,"$30,351,780"
1630596,Evan Mobley,Cavaliers,Center,6-11,215,USA,2001-06-18T00:00:00,1,3,69.0,33.8,15.0,8.3,2.5,0.8,1.7,OCT 05 2022,"$8,478,720"
1628370,Malik Monk,Kings,Guard,6-3,200,USA,1998-02-04T00:00:00,5,11,309.0,20.4,10.3,2.3,2.0,0.5,0.2,OCT 03 2022,"$9,472,219"
202328,Greg Monroe,Timberwolves,Forward-Center,6-10,250,USA,1990-06-04T00:00:00,10,7,646.0,27.4,13.0,8.2,2.1,1.1,0.6,OCT 04 2022,
1630541,Moses Moody,Warriors,Guard,6-5,211,USA,2002-05-31T00:00:00,1,14,52.0,11.7,4.4,1.5,0.4,0.1,0.2,SEP 30 2022,"$3,740,160"
1629875,Xavier Moon,Clippers,Guard,6-2,165,USA,1995-01-02T00:00:00,1,Undrafted,10.0,13.7,5.8,1.4,2.4,0.7,0.3,SEP 30 2022,"$1,637,966"
1629630,Ja Morant,Grizzlies,Guard,6-3,174,USA,1999-08-10T00:00:00,3,2,187.0,32.2,21.2,4.5,7.1,1.0,0.3,OCT 01 2022,"$12,119,440"
1629752,Juwan Morgan,Celtics,Forward,6-7,232,USA,1997-04-17T00:00:00,4,Undrafted,52.0,6.0,1.5,1.2,0.3,0.1,0.1,,"$576,230"
202693,Markieff Morris,Heat,Forward,6-9,245,USA,1989-09-02T00:00:00,11,13,715.0,24.8,10.9,5.2,1.6,0.8,0.5,OCT 04 2022,
1628420,Monte Morris,Wizards,Guard,6-2,183,USA,1995-06-27T00:00:00,5,51,280.0,25.2,10.5,2.3,3.7,0.8,0.2,SEP 30 2022,"$9,125,000"
202694,Marcus Morris Sr.,Clippers,Forward,6-8,218,USA,1989-09-02T00:00:00,11,14,718.0,27.1,12.4,4.6,1.5,0.7,0.3,SEP 30 2022,
1628539,Mychal Mulder,Heat,Guard,6-3,195,Canada,1994-06-12T00:00:00,4,Undrafted,84.0,14.4,5.8,1.3,0.5,0.2,0.2,,
1630530,Trey Murphy III,Pelicans,Forward,6-8,206,USA,2000-06-18T00:00:00,1,17,62.0,13.9,5.4,2.4,0.6,0.4,0.1,OCT 04 2022,"$3,206,520"
1627749,Dejounte Murray,Hawks,Guard,6-4,180,USA,1996-09-19T00:00:00,5,29,320.0,25.8,12.5,6.0,4.8,1.4,0.3,OCT 06 2022,"$16,571,120"
1627750,Jamal Murray,Nuggets,Guard,6-3,215,Canada,1997-02-23T00:00:00,5,7,345.0,30.1,16.3,3.6,3.8,1.0,0.3,OCT 03 2022,"$31,650,600"
203488,Mike Muscala,Thunder,Forward-Center,6-10,240,USA,1991-07-01T00:00:00,9,44,432.0,15.5,6.2,3.2,0.9,0.3,0.5,OCT 03 2022,"$3,500,000"
1629004,Svi Mykhailiuk,Raptors,Guard-Forward,6-7,205,Ukraine,1997-06-10T00:00:00,5,47,220.0,17.0,6.6,1.8,1.4,0.6,0.1,,"$1,878,720"
1626204,Larry Nance Jr.,Pelicans,Forward-Center,6-7,245,USA,1993-01-01T00:00:00,7,27,396.0,24.1,8.1,6.5,1.9,1.2,0.5,OCT 04 2022,"$9,672,727"
1630612,RJ Nembhard Jr.,Cavaliers,Guard,6-4,200,USA,1999-03-22T00:00:00,1,Undrafted,14.0,4.5,1.1,0.5,0.9,0.1,0.0,OCT 05 2022,
1630174,Aaron Nesmith,Pacers,Guard-Forward,6-5,215,USA,1999-10-16T00:00:00,2,14,98.0,12.7,4.2,2.2,0.5,0.4,0.1,OCT 05 2022,"$3,804,360"
203526,Raul Neto,Cavaliers,Guard,6-2,180,Brazil,1992-05-19T00:00:00,7,47,387.0,16.2,6.0,1.6,2.2,0.7,0.1,OCT 05 2022,"$1,836,090"
1627777,Georges Niang,76ers,Forward,6-7,230,USA,1993-06-17T00:00:00,6,50,305.0,14.6,6.1,2.0,0.8,0.3,0.1,OCT 03 2022,"$3,465,000"
1630227,Daishen Nix,Rockets,Guard,6-4,226,USA,2002-02-13T00:00:00,1,Undrafted,24.0,10.9,3.2,1.4,1.7,0.6,0.0,OCT 02 2022,"$1,563,518"
1630192,Zeke Nnaji,Nuggets,Forward-Center,6-9,240,USA,2001-01-09T00:00:00,2,22,83.0,13.2,4.9,2.6,0.3,0.3,0.2,OCT 03 2022,"$2,617,800"
203457,Nerlens Noel,Pistons,Center-Forward,6-11,220,USA,1994-04-10T00:00:00,8,6,450.0,22.4,7.3,6.2,1.1,1.3,1.5,OCT 04 2022,"$9,240,000"
1629669,Jaylen Nowell,Timberwolves,Guard,6-4,201,USA,1999-07-09T00:00:00,3,43,119.0,15.8,8.1,1.9,1.8,0.4,0.2,OCT 04 2022,"$1,930,681"
1628373,Frank Ntilikina,Mavericks,Guard,6-4,200,France,1998-07-28T00:00:00,5,8,269.0,17.9,5.2,1.8,2.3,0.7,0.2,OCT 05 2022,"$2,036,318"
1629134,Kendrick Nunn,Lakers,Guard,6-2,190,USA,1995-08-03T00:00:00,2,Undrafted,123.0,29.4,15.0,2.9,3.0,0.9,0.2,OCT 03 2022,"$5,250,000"
203994,Jusuf Nurkic,Trail Blazers,Center,6-11,290,Bosnia and Herzegovina,1994-08-23T00:00:00,8,16,411.0,23.9,12.2,8.5,2.2,0.9,1.2,OCT 03 2022,"$15,625,000"
1628021,David Nwaba,Rockets,Guard-Forward,6-5,219,USA,1993-01-14T00:00:00,6,Undrafted,237.0,19.3,6.8,3.7,1.0,0.7,0.4,OCT 02 2022,"$5,022,000"
1629670,Jordan Nwora,Bucks,Forward,6-8,225,USA,1998-09-09T00:00:00,2,45,92.0,15.9,7.2,3.1,0.7,0.5,0.3,OCT 01 2022,
1626220,Royce O'Neale,Nets,Forward,6-5,226,USA,1993-06-05T00:00:00,5,Undrafted,370.0,25.7,6.2,4.8,2.1,0.8,0.4,OCT 03 2022,"$9,200,000"
1629643,Chuma Okeke,Magic,Forward,6-6,229,USA,1998-08-18T00:00:00,2,16,115.0,25.1,8.3,4.6,1.9,1.3,0.6,OCT 03 2022,"$3,433,320"
1629006,Josh Okogie,Suns,Guard,6-4,213,Nigeria,1998-09-01T00:00:00,4,20,244.0,20.6,6.4,2.9,1.1,1.0,0.4,OCT 02 2022,"$1,836,090"
1630168,Onyeka Okongwu,Hawks,Forward-Center,6-8,240,USA,2000-12-11T00:00:00,2,6,98.0,16.3,6.3,4.6,0.7,0.6,0.9,OCT 06 2022,"$6,395,160"
1630171,Isaac Okoro,Cavaliers,Forward-Guard,6-5,225,USA,2001-01-26T00:00:00,2,5,134.0,31.0,9.2,3.0,1.9,0.9,0.3,OCT 05 2022,"$7,040,880"
203506,Victor Oladipo,Heat,Guard,6-4,213,USA,1992-05-04T00:00:00,9,2,462.0,32.8,17.4,4.6,3.9,1.6,0.5,OCT 04 2022,"$8,750,000"
203482,Kelly Olynyk,Pistons,Forward-Center,6-11,240,Canada,1991-04-19T00:00:00,9,13,610.0,22.0,10.1,5.1,2.0,0.8,0.5,OCT 04 2022,"$12,804,878"
1626224,Cedi Osman,Cavaliers,Forward,6-7,230,Turkey,1995-04-08T00:00:00,5,31,327.0,24.5,10.0,3.2,2.1,0.7,0.1,OCT 05 2022,"$7,426,088"
1626162,Kelly Oubre Jr.,Hornets,Forward-Guard,6-6,203,USA,1995-12-09T00:00:00,7,15,479.0,25.2,12.0,4.3,1.0,0.9,0.5,OCT 02 2022,"$12,600,000"
1629672,Eric Paschall,Timberwolves,Forward,6-6,255,USA,1996-11-04T00:00:00,3,41,158.0,19.5,9.8,3.2,1.4,0.3,0.2,OCT 04 2022,
101108,Chris Paul,Suns,Guard,6-0,175,USA,1985-05-06T00:00:00,17,4,1155.0,34.5,18.1,4.5,9.5,2.1,0.1,OCT 02 2022,"$28,400,000"
1626166,Cameron Payne,Suns,Guard,6-1,183,USA,1994-08-08T00:00:00,7,14,279.0,17.9,7.6,2.2,3.2,0.7,0.2,OCT 02 2022,"$6,000,000"
203901,Elfrid Payton,Suns,Guard,6-3,195,USA,1994-02-22T00:00:00,8,10,500.0,26.8,10.1,4.0,5.7,1.2,0.3,OCT 02 2022,
1627780,Gary Payton II,Trail Blazers,Guard,6-3,195,USA,1992-12-01T00:00:00,6,Undrafted,142.0,14.5,5.2,2.8,1.1,1.0,0.3,OCT 03 2022,"$8,300,000"
1630691,Jamorko Pickett,Pistons,Forward,6-9,206,USA,1997-12-24T00:00:00,1,Undrafted,13.0,13.6,3.8,2.5,0.5,0.0,0.5,OCT 04 2022,
1629033,Theo Pinson,Mavericks,Guard-Forward,6-5,212,USA,1995-11-05T00:00:00,4,Undrafted,87.0,8.7,2.9,1.3,1.1,0.3,0.1,OCT 05 2022,"$1,836,090"
203486,Mason Plumlee,Hornets,Forward-Center,6-11,254,USA,1990-03-05T00:00:00,9,22,661.0,22.3,8.3,6.6,2.4,0.8,0.9,OCT 02 2022,"$9,080,417"
1627751,Jakob Poeltl,Spurs,Center,7-1,245,Austria,1995-10-15T00:00:00,6,9,416.0,20.2,7.3,6.1,1.4,0.5,1.3,OCT 02 2022,"$9,398,148"
1630197,Aleksej Pokusevski,Thunder,Forward,7-0,190,Serbia,2001-12-26T00:00:00,2,17,106.0,21.9,7.8,5.0,2.2,0.6,0.8,OCT 03 2022,"$3,261,480"
1630582,Yves Pons,Grizzlies,Forward,6-5,206,France,1999-05-07T00:00:00,1,Undrafted,12.0,5.9,1.1,1.0,0.1,0.1,0.3,OCT 01 2022,
1629673,Jordan Poole,Warriors,Guard,6-4,194,USA,1999-06-19T00:00:00,3,28,184.0,24.7,13.7,2.6,2.9,0.7,0.2,SEP 30 2022,"$3,901,399"
1629645,Kevin Porter Jr.,Rockets,Guard-Forward,6-4,203,USA,2000-05-04T00:00:00,3,30,137.0,28.5,13.7,3.9,4.7,1.0,0.3,OCT 02 2022,"$3,217,631"
1629008,Michael Porter Jr.,Nuggets,Forward,6-10,218,USA,1998-06-29T00:00:00,3,14,125.0,24.6,14.1,6.1,1.1,0.6,0.6,OCT 03 2022,"$30,913,750"
203490,Otto Porter Jr.,Raptors,Forward,6-8,198,USA,1993-06-03T00:00:00,9,3,504.0,26.0,10.6,5.1,1.5,1.1,0.4,OCT 02 2022,"$6,000,000"
1626171,Bobby Portis,Bucks,Forward,6-10,250,USA,1995-02-10T00:00:00,7,22,453.0,21.7,11.1,6.6,1.2,0.6,0.4,OCT 01 2022,"$10,843,350"
204001,Kristaps Porzingis,Wizards,Forward-Center,7-3,240,Latvia,1995-08-02T00:00:00,6,4,337.0,30.8,18.9,7.9,1.6,0.7,1.9,SEP 30 2022,"$33,833,400"
203939,Dwight Powell,Mavericks,Forward-Center,6-10,240,Canada,1991-07-20T00:00:00,8,45,511.0,19.0,7.7,4.6,1.0,0.6,0.5,OCT 05 2022,"$11,080,125"
1629619,Myles Powell,76ers,Guard,6-2,195,USA,1997-07-07T00:00:00,2,Undrafted,11.0,4.7,1.2,0.5,0.3,0.1,0.0,,
1626181,Norman Powell,Clippers,Guard,6-3,215,USA,1993-05-25T00:00:00,7,46,421.0,22.4,11.3,2.6,1.5,0.8,0.3,SEP 30 2022,"$16,758,621"
1630563,Joshua Primo,Spurs,Guard,6-4,189,Canada,2002-12-24T00:00:00,1,12,50.0,19.3,5.8,2.3,1.6,0.4,0.5,OCT 02 2022,"$4,144,320"
1627752,Taurean Prince,Timberwolves,Forward,6-6,218,USA,1994-03-22T00:00:00,6,12,370.0,24.2,10.5,3.9,1.7,0.8,0.4,OCT 04 2022,"$7,295,000"
1630202,Payton Pritchard,Celtics,Guard,6-1,195,USA,1998-01-28T00:00:00,2,26,137.0,16.6,6.9,2.1,1.9,0.5,0.1,OCT 02 2022,"$2,239,200"
1630243,Trevelin Queen,76ers,Guard,6-6,190,USA,1997-02-25T00:00:00,1,Undrafted,10.0,7.4,4.3,1.6,0.4,0.5,0.1,OCT 03 2022,"$1,637,966"
1629674,Neemias Queta,Kings,Center,7-0,248,Portugal,1999-07-13T00:00:00,1,39,15.0,8.0,3.0,2.1,0.4,0.1,0.5,OCT 03 2022,
1630193,Immanuel Quickley,Knicks,Guard,6-3,190,USA,1999-06-17T00:00:00,2,25,142.0,21.5,11.4,2.7,2.8,0.6,0.1,OCT 04 2022,"$2,316,240"
203944,Julius Randle,Knicks,Forward-Center,6-8,250,USA,1994-11-29T00:00:00,8,7,518.0,31.2,17.7,9.3,3.6,0.7,0.5,OCT 04 2022,"$23,760,000"
1630559,Austin Reaves,Lakers,Guard,6-5,197,USA,1998-05-29T00:00:00,1,Undrafted,61.0,23.2,7.3,3.2,1.8,0.5,0.3,OCT 03 2022,"$1,563,518"
1629629,Cam Reddish,Knicks,Forward-Guard,6-8,217,USA,1999-09-01T00:00:00,3,10,133.0,24.9,10.5,3.2,1.3,1.1,0.4,OCT 04 2022,"$5,954,454"
1628432,Davon Reed,Nuggets,Guard,6-5,206,USA,1995-06-11T00:00:00,3,32,79.0,12.1,3.6,1.9,0.9,0.4,0.1,OCT 03 2022,"$1,902,133"
1630194,Paul Reed,76ers,Forward,6-9,210,USA,1999-06-14T00:00:00,2,58,64.0,7.5,3.2,2.4,0.4,0.7,0.4,OCT 03 2022,"$1,782,621"
1629675,Naz Reid,Timberwolves,Center-Forward,6-9,264,USA,1999-08-26T00:00:00,3,Undrafted,177.0,17.3,9.5,4.2,1.0,0.5,1.0,OCT 04 2022,"$1,930,681"
1630208,Nick Richards,Hornets,Center,7-0,245,Jamaica,1997-11-29T00:00:00,2,42,68.0,6.3,2.4,1.4,0.2,0.1,0.3,OCT 02 2022,"$1,782,621"
1626196,Josh Richardson,Spurs,Guard,6-5,200,USA,1993-09-15T00:00:00,7,40,438.0,29.8,12.0,3.1,2.7,1.1,0.6,OCT 02 2022,"$12,196,094"
203085,Austin Rivers,Timberwolves,Guard,6-4,200,USA,1992-08-01T00:00:00,10,10,655.0,24.2,8.8,2.1,2.2,0.7,0.2,OCT 04 2022,"$1,836,090"
1629130,Duncan Robinson,Heat,Forward,6-7,215,USA,1994-04-22T00:00:00,4,Undrafted,239.0,27.7,11.9,2.9,1.5,0.5,0.2,OCT 04 2022,"$16,902,000"
1629011,Mitchell Robinson,Knicks,Center-Forward,7-0,240,USA,1998-04-01T00:00:00,4,36,230.0,23.8,8.4,7.5,0.6,0.9,2.0,OCT 04 2022,"$17,045,454"
1630526,Jeremiah Robinson-Earl,Thunder,Forward,6-8,242,USA,2000-11-03T00:00:00,1,32,49.0,22.2,7.5,5.6,1.0,0.6,0.3,OCT 03 2022,"$2,000,000"
1629676,Isaiah Roby,Spurs,Forward,6-8,230,USA,1998-02-03T00:00:00,3,45,109.0,21.9,9.1,5.1,1.6,0.8,0.7,OCT 02 2022,"$1,930,681"
200765,Rajon Rondo,Cavaliers,Guard,6-1,180,USA,1986-02-22T00:00:00,17,21,957.0,29.9,9.8,4.5,7.9,1.6,0.1,,
201565,Derrick Rose,Knicks,Guard,6-2,200,USA,1988-10-04T00:00:00,13,1,672.0,31.7,18.2,3.3,5.4,0.8,0.3,OCT 04 2022,"$14,520,730"
203082,Terrence Ross,Magic,Guard-Forward,6-6,206,USA,1991-02-05T00:00:00,10,8,670.0,24.8,11.2,2.8,1.3,0.8,0.3,OCT 03 2022,"$11,500,000"
1626179,Terry Rozier,Hornets,Guard,6-1,190,USA,1994-03-17T00:00:00,7,16,477.0,26.1,12.7,3.9,3.2,0.9,0.2,OCT 02 2022,"$21,486,316"
201937,Ricky Rubio,Cavaliers,Guard,6-2,190,Spain,1990-10-21T00:00:00,11,5,665.0,30.3,11.1,4.2,7.6,1.8,0.1,OCT 05 2022,"$5,853,659"
1626156,D'Angelo Russell,Timberwolves,Guard,6-4,193,USA,1996-02-23T00:00:00,7,2,424.0,29.4,17.7,3.5,5.6,1.1,0.3,OCT 04 2022,"$31,377,750"
1630346,Matt Ryan,Celtics,Forward,6-7,215,USA,1997-04-17T00:00:00,1,Undrafted,1.0,5.3,3.0,0.0,0.0,1.0,0.0,OCT 02 2022,
1627734,Domantas Sabonis,Kings,Forward-Center,6-11,240,Lithuania,1996-05-03T00:00:00,6,11,415.0,28.4,14.4,9.2,3.6,0.7,0.4,OCT 03 2022,"$18,500,000"
203967,Dario Saric,Suns,Forward-Center,6-10,225,Croatia,1994-04-08T00:00:00,5,12,356.0,25.2,11.7,5.9,2.0,0.6,0.2,OCT 02 2022,"$9,240,000"
203107,Tomas Satoransky,Wizards,Guard,6-7,210,Czech Republic,1991-10-30T00:00:00,7,32,388.0,22.2,6.9,2.9,4.1,0.8,0.2,,
1630648,Jordan Schakel,Wizards,Guard,6-6,200,USA,1998-06-13T00:00:00,1,Undrafted,4.0,7.6,1.3,2.0,0.0,0.3,0.0,SEP 30 2022,
1629678,Admiral Schofield,Magic,Forward,6-5,241,United Kingdom,1997-03-30T00:00:00,2,42,71.0,11.8,3.5,1.9,0.6,0.2,0.1,OCT 03 2022,
203471,Dennis Schroder,Rockets,Guard,6-1,172,Germany,1993-09-15T00:00:00,9,17,621.0,26.5,14.2,2.9,4.7,0.8,0.1,OCT 02 2022,
1630206,Jay Scrubb,Clippers,Guard,6-5,220,USA,2000-09-01T00:00:00,3,55,22.0,9.3,3.8,1.4,0.4,0.4,0.1,,
1630578,Alperen Sengun,Rockets,Center,6-10,243,Turkey,2002-07-25T00:00:00,1,16,72.0,20.7,9.6,5.5,2.6,0.8,0.9,OCT 02 2022,"$3,375,360"
1629012,Collin Sexton,Cavaliers,Guard,6-1,190,USA,1999-01-04T00:00:00,4,8,218.0,32.9,20.0,3.0,3.3,0.8,0.1,OCT 05 2022,
1629013,Landry Shamet,Suns,Guard,6-4,190,USA,1997-03-13T00:00:00,4,26,262.0,23.3,9.0,1.8,1.6,0.4,0.1,OCT 02 2022,"$9,500,000"
1630549,Day'Ron Sharpe,Nets,Center,6-9,265,USA,2001-11-06T00:00:00,1,29,32.0,12.2,6.2,5.0,0.5,0.3,0.5,OCT 03 2022,"$2,109,480"
1627783,Pascal Siakam,Raptors,Forward,6-8,230,Cameroon,1994-04-02T00:00:00,6,27,400.0,29.5,15.7,6.3,3.1,0.9,0.7,OCT 02 2022,"$35,448,672"
1627732,Ben Simmons,Nets,Guard-Forward,6-11,240,Australia,1996-07-20T00:00:00,4,1,275.0,33.9,15.9,8.1,7.7,1.7,0.7,OCT 03 2022,"$35,448,672"
1630250,Marko Simonovic,Bulls,Center,6-11,220,Montenegro,1999-10-15T00:00:00,1,44,9.0,3.9,1.9,1.1,0.0,0.1,0.1,OCT 04 2022,"$1,563,518"
1629014,Anfernee Simons,Trail Blazers,Guard,6-3,181,USA,1999-06-08T00:00:00,4,24,211.0,20.7,10.2,2.2,2.0,0.4,0.1,OCT 03 2022,"$22,321,429"
1630579,Jericho Sims,Knicks,Center,6-9,250,USA,1998-10-20T00:00:00,1,58,41.0,13.5,2.2,4.1,0.5,0.3,0.5,OCT 04 2022,"$1,639,842"
1630606,Javonte Smart,Heat,Guard,6-4,205,USA,1999-06-03T00:00:00,2,Undrafted,17.0,11.8,3.0,1.4,0.9,0.4,0.2,,
203935,Marcus Smart,Celtics,Guard,6-4,220,USA,1994-03-06T00:00:00,8,6,520.0,29.8,10.5,3.6,4.5,1.6,0.4,OCT 02 2022,"$17,207,142"
202397,Ish Smith,Nuggets,Guard,6-0,175,USA,1988-07-05T00:00:00,12,Undrafted,719.0,20.0,7.6,2.5,3.9,0.7,0.3,OCT 03 2022,"$4,725,000"
1630188,Jalen Smith,Pacers,Forward-Center,6-10,215,USA,2000-03-16T00:00:00,2,10,78.0,13.8,6.7,4.4,0.4,0.2,0.6,OCT 05 2022,"$4,670,160"
1630270,Xavier Sneed,Jazz,Forward,6-5,215,USA,1997-12-21T00:00:00,1,Undrafted,9.0,4.3,0.6,0.7,0.1,0.0,0.0,OCT 02 2022,
203503,Tony Snell,Pelicans,Guard,6-6,213,USA,1991-11-10T00:00:00,9,20,601.0,21.8,6.1,2.3,1.1,0.4,0.2,OCT 04 2022,
1630531,Jaden Springer,76ers,Guard,6-4,202,USA,2002-09-25T00:00:00,1,28,2.0,2.8,1.0,1.0,0.0,0.0,1.0,OCT 03 2022,"$2,125,200"
203917,Nik Stauskas,Celtics,Guard,6-6,207,Canada,1993-10-07T00:00:00,7,8,343.0,19.5,6.7,2.0,1.5,0.4,0.2,,"$702,311"
202362,Lance Stephenson,Pacers,Forward,6-5,210,USA,1990-09-05T00:00:00,11,40,554.0,22.9,8.6,4.1,2.9,0.6,0.1,,
1630205,Lamar Stevens,Cavaliers,Forward,6-6,230,USA,1997-07-09T00:00:00,2,Undrafted,103.0,14.7,5.3,2.5,0.7,0.5,0.3,OCT 05 2022,"$1,782,621"
1630191,Isaiah Stewart,Pistons,Forward-Center,6-8,250,USA,2001-05-22T00:00:00,2,16,139.0,23.5,8.1,7.7,1.0,0.4,1.2,OCT 04 2022,"$3,433,320"
1629622,Max Strus,Heat,Guard-Forward,6-5,215,USA,1996-03-28T00:00:00,3,Undrafted,109.0,19.3,8.8,2.2,1.1,0.4,0.2,OCT 04 2022,"$1,815,677"
1630591,Jalen Suggs,Magic,Guard,6-5,205,USA,2001-06-03T00:00:00,1,5,48.0,27.2,11.8,3.6,4.4,1.2,0.4,OCT 03 2022,"$6,922,320"
1630256,Jae'Sean Tate,Rockets,Forward,6-4,230,USA,1995-10-28T00:00:00,2,Undrafted,148.0,27.7,11.6,5.4,2.7,1.1,0.5,OCT 02 2022,"$7,065,217"
1628369,Jayson Tatum,Celtics,Forward-Guard,6-8,210,USA,1998-03-03T00:00:00,5,3,365.0,33.4,20.9,6.6,3.0,1.1,0.7,OCT 02 2022,"$30,351,780"
1630678,Terry Taylor,Pacers,Forward,6-5,230,USA,1999-09-23T00:00:00,1,Undrafted,33.0,21.6,9.6,5.2,1.2,0.4,0.2,OCT 05 2022,"$1,563,518"
202066,Garrett Temple,Pelicans,Guard-Forward,6-5,195,USA,1986-05-08T00:00:00,12,Undrafted,691.0,21.4,6.4,2.3,1.7,0.8,0.3,OCT 04 2022,"$5,155,500"
1630179,Tyrell Terry,Grizzlies,Guard,6-2,160,USA,2000-09-28T00:00:00,3,31,13.0,4.6,1.0,0.5,0.5,0.4,0.0,,"$1,782,621"
1628464,Daniel Theis,Pacers,Forward-Center,6-9,245,Germany,1992-04-04T00:00:00,5,Undrafted,306.0,19.6,7.6,4.9,1.3,0.5,0.9,OCT 05 2022,"$8,694,369"
1630271,Brodric Thomas,Celtics,Guard,6-5,185,USA,1997-01-28T00:00:00,2,Undrafted,44.0,10.4,3.3,1.4,0.9,0.4,0.3,OCT 02 2022,
1630560,Cam Thomas,Nets,Guard,6-3,210,Japan,2001-10-13T00:00:00,1,27,67.0,17.6,8.5,2.4,1.2,0.5,0.1,OCT 03 2022,"$2,138,160"
202738,Isaiah Thomas,Hornets,Guard,5-9,185,USA,1989-02-07T00:00:00,11,60,550.0,28.3,17.7,2.4,4.8,0.9,0.1,OCT 02 2022,
1629744,Matt Thomas,Bulls,Guard,6-3,190,USA,1994-08-04T00:00:00,3,Undrafted,126.0,9.7,4.0,1.2,0.5,0.2,0.0,OCT 04 2022,
202691,Klay Thompson,Warriors,Guard,6-6,220,USA,1990-02-08T00:00:00,9,11,647.0,32.9,19.5,3.5,2.3,0.9,0.5,SEP 30 2022,"$40,600,080"
202684,Tristan Thompson,Bulls,Center-Forward,6-9,254,Canada,1991-03-13T00:00:00,11,4,730.0,26.8,9.0,8.4,1.0,0.5,0.7,OCT 04 2022,
1630550,JT Thor,Hornets,Forward,6-9,203,USA,2002-08-26T00:00:00,1,37,33.0,7.9,2.0,1.3,0.6,0.2,0.3,OCT 02 2022,"$1,563,518"
1629680,Matisse Thybulle,76ers,Guard-Forward,6-5,201,USA,1997-03-04T00:00:00,3,20,196.0,21.8,4.8,1.9,1.1,1.6,1.0,OCT 03 2022,"$4,379,527"
1629681,Killian Tillie,Grizzlies,Forward-Center,6-9,220,France,1998-03-05T00:00:00,2,Undrafted,54.0,11.9,3.2,1.6,0.6,0.5,0.4,OCT 01 2022,"$1,901,625"
1630214,Xavier Tillman Sr.,Grizzlies,Forward,6-8,245,USA,1999-01-12T00:00:00,2,35,112.0,15.9,5.7,3.7,1.2,0.8,0.4,OCT 01 2022,"$1,782,621"
1630225,Isaiah Todd,Wizards,Forward,6-9,219,USA,2001-10-17T00:00:00,1,31,12.0,6.2,1.7,1.0,0.3,0.3,0.2,SEP 30 2022,"$1,575,000"
1630167,Obi Toppin,Knicks,Forward,6-9,220,USA,1998-03-04T00:00:00,2,8,134.0,14.3,6.7,3.0,0.8,0.3,0.4,OCT 04 2022,"$5,348,280"
1629308,Juan Toscano-Anderson,Lakers,Forward,6-6,209,USA,1993-04-10T00:00:00,3,Undrafted,139.0,17.1,4.8,3.3,2.2,0.7,0.3,OCT 03 2022,"$1,836,090"
1626157,Karl-Anthony Towns,Timberwolves,Center-Forward,6-11,248,USA,1995-11-15T00:00:00,7,1,482.0,34.2,23.2,11.3,3.1,0.8,1.4,OCT 04 2022,"$33,833,400"
1629018,Gary Trent Jr.,Raptors,Guard-Forward,6-5,209,USA,1999-01-18T00:00:00,4,37,204.0,27.9,13.5,2.2,1.4,1.1,0.2,OCT 02 2022,"$17,505,000"
200782,P.J. Tucker,76ers,Forward,6-5,245,USA,1985-05-05T00:00:00,11,35,777.0,29.0,7.1,5.6,1.5,1.1,0.3,OCT 03 2022,"$10,490,000"
1629730,Rayjon Tucker,Bucks,Guard,6-3,209,USA,1997-09-24T00:00:00,4,Undrafted,39.0,7.7,3.0,1.0,0.5,0.2,0.0,,
1626167,Myles Turner,Pacers,Center-Forward,6-11,250,USA,1996-03-24T00:00:00,7,11,431.0,28.7,12.7,6.7,1.2,0.7,2.3,OCT 05 2022,"$18,000,000"
202685,Jonas Valanciunas,Pelicans,Center,6-11,265,Lithuania,1992-05-06T00:00:00,10,5,695.0,26.1,13.4,9.5,1.2,0.4,1.0,OCT 04 2022,"$14,700,000"
1627832,Fred VanVleet,Raptors,Guard,6-1,197,USA,1994-02-25T00:00:00,6,Undrafted,348.0,28.3,13.7,3.2,4.9,1.3,0.4,OCT 02 2022,"$21,250,000"
1629020,Jarred Vanderbilt,Jazz,Forward,6-9,214,USA,1999-04-03T00:00:00,4,41,166.0,18.9,5.4,6.2,1.1,1.0,0.6,OCT 02 2022,"$4,374,000"
1630170,Devin Vassell,Spurs,Guard-Forward,6-5,200,USA,2000-08-23T00:00:00,2,11,133.0,22.5,9.1,3.6,1.4,0.9,0.4,OCT 02 2022,"$4,437,000"
1630170,Devin Vassell,Spurs,Guard-Forward,6-5,200,USA,2000-08-23T00:00:00,2,11,133.0,22.5,9.1,3.6,1.4,0.9,0.4,OCT 02 2022,"$4,437,000"
1630492,Luca Vildoza,Bucks,Guard,6-3,190,Argentina,1995-08-11T00:00:00,1,Undrafted,,,,,,,,OCT 01 2022,"$1,836,090"
1629216,Gabe Vincent,Heat,Guard,6-3,200,USA,1996-06-14T00:00:00,3,Undrafted,127.0,18.3,6.7,1.5,2.2,0.7,0.1,OCT 04 2022,"$1,815,677"
202696,Nikola Vucevic,Bulls,Center,6-10,260,Montenegro,1990-10-24T00:00:00,11,16,741.0,30.9,16.9,10.4,2.7,0.9,0.9,OCT 04 2022,"$22,000,000"
1629731,Dean Wade,Cavaliers,Forward-Center,6-9,228,USA,1996-11-20T00:00:00,3,Undrafted,126.0,18.0,5.3,3.0,1.0,0.5,0.3,OCT 05 2022,"$1,930,681"
1630532,Franz Wagner,Magic,Forward,6-10,220,Germany,2001-08-27T00:00:00,1,8,79.0,30.7,15.2,4.5,2.9,0.9,0.4,OCT 03 2022,"$5,258,280"
1629021,Moritz Wagner,Magic,Forward-Center,6-11,245,Germany,1997-04-26T00:00:00,4,25,196.0,15.1,7.5,3.5,1.1,0.4,0.3,OCT 03 2022,"$1,878,720"
1630688,Ish Wainright,Suns,Forward,6-5,250,USA,1994-09-12T00:00:00,1,Undrafted,45.0,8.0,2.4,1.2,0.3,0.4,0.1,OCT 02 2022,
202689,Kemba Walker,Pistons,Guard,6-0,184,USA,1990-05-08T00:00:00,11,9,741.0,33.3,19.5,3.8,5.3,1.2,0.4,OCT 04 2022,"$9,165,471"
1629022,Lonnie Walker IV,Lakers,Guard-Forward,6-4,204,USA,1998-12-14T00:00:00,4,18,208.0,20.4,9.4,2.4,1.6,0.5,0.2,OCT 03 2022,"$6,479,000"
202322,John Wall,Clippers,Guard,6-3,210,USA,1990-09-06T00:00:00,10,1,613.0,35.6,19.1,4.3,9.1,1.7,0.7,SEP 30 2022,"$47,345,760"
203933,T.J. Warren,Nets,Forward,6-8,220,USA,1993-09-05T00:00:00,7,14,332.0,28.8,15.5,4.1,1.2,1.0,0.5,OCT 03 2022,"$1,836,090"
1629023,P.J. Washington,Hornets,Forward,6-7,230,USA,1998-08-23T00:00:00,3,12,187.0,29.3,11.8,5.7,2.3,0.9,1.0,OCT 02 2022,"$5,808,435"
1630613,Duane Washington Jr.,Suns,Guard,6-3,197,Germany,2000-03-24T00:00:00,1,Undrafted,48.0,20.2,9.9,1.7,1.8,0.5,0.1,OCT 02 2022,
1629139,Yuta Watanabe,Nets,Guard-Forward,6-9,215,Japan,1994-10-13T00:00:00,4,Undrafted,121.0,12.0,3.8,2.5,0.6,0.4,0.3,OCT 03 2022,
1630322,Lindy Waters III,Thunder,Forward,6-6,215,USA,1997-07-28T00:00:00,1,Undrafted,25.0,18.6,8.0,2.9,1.0,0.8,0.3,OCT 03 2022,
1630570,Trendon Watford,Trail Blazers,Forward,6-8,237,USA,2000-11-09T00:00:00,1,Undrafted,48.0,18.1,7.6,4.1,1.7,0.5,0.6,OCT 03 2022,"$1,563,518"
1629683,Quinndary Weatherspoon,Warriors,Guard,6-3,205,USA,1996-09-10T00:00:00,3,49,42.0,6.5,2.1,0.8,0.6,0.3,0.1,SEP 30 2022,
201566,Russell Westbrook,Lakers,Guard,6-3,200,USA,1988-11-12T00:00:00,14,4,1021.0,34.7,22.8,7.4,8.4,1.7,0.3,OCT 03 2022,"$47,063,478"
1629632,Coby White,Bulls,Guard,6-4,195,USA,2000-02-16T00:00:00,3,7,195.0,28.2,13.7,3.6,3.5,0.6,0.2,OCT 04 2022,"$7,413,955"
1628401,Derrick White,Celtics,Guard,6-4,190,USA,1994-07-02T00:00:00,5,29,263.0,25.9,11.5,3.3,3.8,0.8,0.8,OCT 02 2022,"$16,892,857"
202355,Hassan Whiteside,Jazz,Center,7-0,265,USA,1989-06-13T00:00:00,10,33,511.0,24.7,12.6,10.8,0.6,0.5,2.2,OCT 02 2022,
1630580,Joe Wieskamp,Spurs,Guard-Forward,6-6,205,USA,1999-08-23T00:00:00,1,41,29.0,7.1,2.1,0.5,0.3,0.1,0.1,OCT 02 2022,
1630598,Aaron Wiggins,Thunder,Guard,6-4,190,USA,1999-01-02T00:00:00,1,55,50.0,24.2,8.3,3.6,1.4,0.6,0.2,OCT 03 2022,"$1,563,518"
203952,Andrew Wiggins,Warriors,Forward,6-7,197,Canada,1995-02-23T00:00:00,8,1,598.0,35.0,19.3,4.4,2.3,1.0,0.7,SEP 30 2022,"$33,616,770"
1629623,Lindell Wigginton,Bucks,Guard,6-1,189,Canada,1998-03-28T00:00:00,1,,19.0,10.5,4.2,1.3,1.2,0.3,0.1,OCT 01 2022,"$1,637,966"
1630314,Brandon Williams,Trail Blazers,Guard,6-2,190,USA,1999-11-22T00:00:00,1,Undrafted,24.0,26.7,12.9,3.1,3.9,1.0,0.4,OCT 03 2022,
1629684,Grant Williams,Celtics,Forward,6-6,236,USA,1998-11-30T00:00:00,3,22,209.0,19.4,5.4,3.0,1.0,0.5,0.6,OCT 02 2022,"$4,306,281"
1629026,Kenrich Williams,Thunder,Guard-Forward,6-6,210,USA,1994-12-02T00:00:00,4,Undrafted,200.0,22.0,6.5,4.5,2.0,0.9,0.3,OCT 03 2022,"$2,000,000"
101150,Lou Williams,Hawks,Guard,6-2,175,USA,1986-10-27T00:00:00,17,45,1123.0,24.1,13.9,2.2,3.4,0.8,0.2,OCT 06 2022,
1630172,Patrick Williams,Bulls,Forward,6-7,215,USA,2001-08-26T00:00:00,2,4,88.0,27.3,9.2,4.5,1.3,0.8,0.6,OCT 04 2022,"$7,775,400"
1630533,Ziaire Williams,Grizzlies,Forward,6-9,185,USA,2001-09-12T00:00:00,1,10,62.0,21.7,8.1,2.1,1.0,0.6,0.2,OCT 01 2022,"$4,591,680"
1629057,Robert Williams III,Celtics,Center-Forward,6-9,237,USA,1997-10-17T00:00:00,4,27,174.0,19.9,7.2,6.6,1.4,0.7,1.7,OCT 02 2022,
1629627,Zion Williamson,Pelicans,Forward,6-6,284,USA,2000-07-06T00:00:00,2,1,85.0,31.7,25.7,7.0,3.2,0.9,0.6,OCT 04 2022,"$13,534,817"
1629685,Dylan Windler,Cavaliers,Guard-Forward,6-6,196,USA,1996-09-22T00:00:00,2,26,81.0,12.0,3.3,2.4,0.8,0.4,0.2,OCT 05 2022,"$4,037,278"
1626159,Justise Winslow,Trail Blazers,Forward-Guard,6-6,222,USA,1996-03-26T00:00:00,7,10,315.0,25.8,8.4,5.1,2.5,0.9,0.4,OCT 03 2022,"$4,097,561"
1630216,Cassius Winston,Wizards,Guard,6-1,185,USA,1998-02-28T00:00:00,3,53,29.0,4.7,1.9,0.3,0.7,0.1,0.0,,
1630164,James Wiseman,Warriors,Center,7-0,240,USA,2001-03-31T00:00:00,1,2,39.0,21.4,11.5,5.8,0.7,0.3,0.9,SEP 30 2022,"$9,603,360"
1626174,Christian Wood,Mavericks,Forward,6-9,214,USA,1995-09-27T00:00:00,6,Undrafted,222.0,23.6,14.2,7.3,1.3,0.6,0.9,OCT 05 2022,"$14,317,459"
1630218,Robert Woodard II,Spurs,Forward,6-6,235,USA,1999-09-22T00:00:00,2,40,25.0,3.5,1.1,1.1,0.2,0.0,0.2,OCT 02 2022,
1626153,Delon Wright,Wizards,Guard,6-5,185,USA,1992-04-26T00:00:00,7,20,411.0,20.9,7.2,3.2,3.0,1.2,0.4,SEP 30 2022,"$7,804,878"
1630589,Moses Wright,Mavericks,Forward,6-8,226,USA,1998-12-23T00:00:00,1,Undrafted,4.0,3.7,1.3,0.8,0.5,0.0,0.3,OCT 05 2022,
1630593,McKinley Wright IV,Mavericks,Guard,5-11,192,USA,1998-10-25T00:00:00,1,Undrafted,5.0,3.8,1.0,0.0,0.6,0.0,0.0,OCT 05 2022,"$1,637,966"
1628221,Gabe York,Pacers,Guard,6-3,190,USA,1993-08-02T00:00:00,2,Undrafted,2.0,10.7,4.0,1.0,2.0,1.0,0.5,,
201152,Thaddeus Young,Raptors,Forward,6-8,235,USA,1988-06-21T00:00:00,15,12,1085.0,29.3,12.8,5.8,1.8,1.4,0.4,OCT 02 2022,"$8,000,000"
1629027,Trae Young,Hawks,Guard,6-1,164,USA,1998-09-19T00:00:00,4,5,280.0,33.6,25.3,3.9,9.1,0.9,0.2,OCT 06 2022,"$37,096,500"
1630209,Omer Yurtseven,Heat,Center,6-11,275,Turkey,1998-06-19T00:00:00,1,Undrafted,56.0,12.6,5.3,5.3,0.9,0.3,0.4,OCT 04 2022,"$1,752,638"
1627826,Ivica Zubac,Clippers,Center,7-0,240,Croatia,1997-03-18T00:00:00,6,32,360.0,19.0,8.3,6.5,1.1,0.3,0.8,SEP 30 2022,"$10,123,457"
